,station_name,lat,lng,start_count,end_count
0,W 21 St & 6 Ave,40.742,-73.994,1885.0,1876.0
1,University Pl & E 14 St,40.735,-73.992,1636.0,1645.0
2,1 Ave & E 68 St,40.765,-73.958,1621.0,1671.0
3,E 17 St & Broadway,40.737,-73.99,1604.0,1632.0
4,Broadway & E 21 St,40.74,-73.99,1581.0,1627.0
5,West St & Chambers St,40.718,-74.013,1504.0,1504.0
6,Broadway & W 58 St,40.767,-73.982,1497.0,1450.0
7,6 Ave & W 33 St,40.749,-73.988,1470.0,1464.0
8,6 Ave & W 34 St,40.75,-73.988,1465.0,1367.0
9,E 33 St & 1 Ave,40.743,-73.974,1429.0,1423.0
10,W 31 St & 7 Ave,40.749,-73.992,1421.0,1448.0
11,Broadway & W 25 St,40.743,-73.989,1380.0,1398.0
12,8 Ave & W 33 St,40.752,-73.994,1356.0,1364.0
13,Broadway & E 14 St,40.735,-73.991,1340.0,1271.0
14,E 40 St & Park Ave,40.751,-73.978,1318.0,1308.0
15,Central Park S & 6 Ave,40.766,-73.976,1316.0,1340.0
16,W 41 St & 8 Ave,40.756,-73.99,1283.0,1272.0
17,11 Ave & W 41 St,40.76,-73.999,1275.0,1280.0
18,Lafayette St & E 8 St,40.73,-73.991,1254.0,1275.0
19,Cleveland Pl & Spring St,40.722,-73.997,1220.0,1230.0
20,8 Ave & W 38 St,40.755,-73.992,1219.0,1227.0
21,7 Ave & Central Park South,40.767,-73.979,1218.0,1236.0
22,10 Ave & W 28 St,40.751,-74.002,1193.0,1194.0
23,E 39 St & 2 Ave,40.748,-73.974,1188.0,1072.0
24,W 22 St & 10 Ave,40.747,-74.005,1166.0,1155.0
25,9 Ave & W 22 St,40.745,-74.002,1163.0,1245.0
26,W 27 St & 7 Ave,40.747,-73.994,1160.0,1181.0
27,8 Ave & W 31 St,40.751,-73.995,1146.0,1180.0
28,West St & Liberty St,40.711,-74.015,1127.0,1149.0
29,W 26 St & 8 Ave,40.747,-73.997,1121.0,1131.0
30,Clinton St & Grand St,40.716,-73.987,1120.0,1142.0
31,1 Ave & E 18 St,40.734,-73.981,1118.0,1098.0
32,W 43 St & 10 Ave,40.76,-73.995,1116.0,1089.0
33,W 24 St & 7 Ave,40.745,-73.995,1115.0,1125.0
34,Greenwich Ave & 8 Ave,40.739,-74.003,1115.0,1168.0
35,1 Ave & E 78 St,40.771,-73.954,1106.0,1100.0
36,8 Ave & W 16 St,40.741,-74.002,1090.0,1070.0
37,2 Ave & E 29 St,40.742,-73.978,1090.0,1060.0
38,Broadway & W 29 St,40.746,-73.989,1087.0,1081.0
39,Grand Army Plaza & Central Park S,40.764,-73.974,1083.0,1108.0
40,Central Park West & W 72 St,40.776,-73.976,1082.0,1082.0
41,12 Ave & W 40 St,40.761,-74.003,1080.0,1047.0
42,Carmine St & 6 Ave,40.73,-74.002,1078.0,1081.0
43,1 Ave & E 16 St,40.732,-73.982,1070.0,1051.0
44,Broadway & W 41 St,40.755,-73.987,1070.0,1075.0
45,8 Ave & W 49 St,40.762,-73.987,1061.0,962.0
46,Grand St & Elizabeth St,40.719,-73.996,1061.0,1094.0
47,Norfolk St & Broome St,40.717,-73.988,1056.0,1061.0
48,W 15 St & 6 Ave,40.738,-73.996,1048.0,1062.0
49,Amsterdam Ave & W 73 St,40.78,-73.981,1044.0,1042.0
50,1 Ave & E 62 St,40.761,-73.961,1036.0,1046.0
51,Christopher St & Greenwich St,40.733,-74.007,1031.0,1026.0
52,Pier 40 - Hudson River Park,40.728,-74.011,1025.0,1151.0
53,W 20 St & 10 Ave,40.746,-74.005,1019.0,1086.0
54,W 30 St & 10 Ave,40.753,-74.002,1003.0,1028.0
55,Lexington Ave & E 24 St,40.74,-73.984,1001.0,1011.0
56,Columbus Ave & W 72 St,40.777,-73.979,989.0,1002.0
57,E 31 St & 3 Ave,40.744,-73.98,986.0,987.0
58,Washington St & Gansevoort St,40.739,-74.008,978.0,973.0
59,E 15 St & 3 Ave,40.734,-73.987,976.0,965.0
60,W 4 St & 7 Ave S,40.734,-74.003,975.0,972.0
61,W 22 St & 8 Ave,40.745,-73.999,973.0,957.0
62,W 42 St & 6 Ave,40.755,-73.985,968.0,967.0
63,W 44 St & 11 Ave,40.762,-73.997,968.0,958.0
64,West End Ave & W 60 St,40.772,-73.99,957.0,965.0
65,9 Ave & W 45 St,40.76,-73.991,956.0,977.0
66,Ave A & E 14 St,40.73,-73.98,946.0,931.0
67,W 13 St & 5 Ave,40.735,-73.994,932.0,924.0
68,E 20 St & 2 Ave,40.736,-73.982,931.0,954.0
69,W 18 St & 6 Ave,40.74,-73.995,931.0,905.0
70,W 25 St & 6 Ave,40.744,-73.991,924.0,935.0
71,E 25 St & 2 Ave,40.739,-73.98,923.0,929.0
72,E 27 St & 1 Ave,40.739,-73.977,919.0,941.0
73,5 Ave & E 29 St,40.745,-73.987,915.0,877.0
74,E 10 St & Avenue A,40.727,-73.981,913.0,956.0
75,W 20 St & 7 Ave,40.742,-73.997,913.0,875.0
76,E 7 St & Avenue A,40.726,-73.984,912.0,899.0
77,Central Park West & W 68 St,40.773,-73.978,909.0,911.0
78,2 Ave & E 72 St,40.769,-73.958,908.0,887.0
79,E 16 St & 5 Ave,40.737,-73.992,897.0,889.0
80,Vesey Pl & River Terrace,40.715,-74.017,891.0,931.0
81,Canal St & Rutgers St,40.714,-73.99,889.0,881.0
82,Forsyth St\t& Grand St,40.718,-73.993,888.0,900.0
83,E 2 St & Avenue B,40.722,-73.984,882.0,849.0
84,E 32 St & Park Ave,40.746,-73.982,880.0,865.0
85,Broadway & W 56 St,40.765,-73.982,880.0,800.0
86,E 33 St & 5 Ave,40.748,-73.985,873.0,876.0
87,E 85 St & 3 Ave,40.778,-73.954,865.0,881.0
88,Amsterdam Ave & W 79 St,40.783,-73.979,852.0,839.0
89,W 29 St & 9 Ave,40.75,-73.998,852.0,850.0
90,E 1 St & 1 Ave,40.723,-73.989,847.0,858.0
91,E 47 St & Park Ave,40.755,-73.975,846.0,785.0
92,Cooper Square & Astor Pl,40.73,-73.991,840.0,846.0
93,E 72 St & York Ave,40.767,-73.953,839.0,848.0
94,W 16 St & The High Line,40.743,-74.007,839.0,855.0
95,5 Ave & E 78 St,40.776,-73.964,838.0,854.0
96,W 45 St & 8 Ave,40.759,-73.989,838.0,839.0
97,Henry St & Grand St,40.714,-73.981,835.0,837.0
98,E 11 St & 1 Ave,40.73,-73.984,834.0,833.0
99,Great Jones St,40.727,-73.994,832.0,833.0
100,Suffolk St & Stanton St,40.721,-73.985,831.0,844.0
101,E 23 St & 1 Ave,40.737,-73.978,829.0,838.0
102,Broadway & W 38 St,40.753,-73.987,826.0,828.0
103,Allen St & Rivington St,40.72,-73.99,822.0,828.0
104,W 20 St & 8 Ave,40.743,-74.0,821.0,811.0
105,Broadway\t& W 48 St,40.76,-73.985,820.0,838.0
106,Lafayette St & Jersey St,40.725,-73.996,812.0,822.0
107,Central Park West & W 85 St,40.785,-73.97,812.0,719.0
108,2 Ave & E 31 St,40.743,-73.977,812.0,814.0
109,W 54 St & 11 Ave,40.768,-73.993,811.0,731.0
110,W 63 St & Broadway,40.772,-73.983,811.0,840.0
111,Columbus Ave & W 95 St,40.792,-73.968,810.0,802.0
112,W 44 St & 5 Ave,40.755,-73.98,809.0,931.0
113,N 6 St & Bedford Ave,40.717,-73.959,802.0,810.0
114,1 Ave & E 6 St,40.726,-73.986,801.0,850.0
115,St Marks Pl & 2 Ave,40.728,-73.987,799.0,819.0
116,E 40 St & 5 Ave,40.752,-73.982,793.0,805.0
117,4 Ave & E 12 St,40.733,-73.99,792.0,821.0
118,S 4 St & Wythe Ave,40.713,-73.966,791.0,807.0
119,E 58 St & 3 Ave,40.761,-73.967,790.0,785.0
120,W 15 St & 7 Ave,40.739,-73.999,789.0,802.0
121,E 44 St & Lexington Ave,40.753,-73.975,789.0,796.0
122,Broadway & W 61 St,40.77,-73.982,789.0,753.0
123,E 2 St & Avenue C,40.721,-73.981,789.0,734.0
124,E 11 St & 3 Ave,40.731,-73.988,787.0,817.0
125,Washington Pl & Broadway,40.729,-73.994,784.0,816.0
126,E 74 St & 1 Ave,40.769,-73.955,784.0,791.0
127,E 20 St & FDR Dr,40.733,-73.976,781.0,781.0
128,E 2 St & Avenue A,40.723,-73.986,780.0,793.0
129,Centre St & Chambers St,40.713,-74.005,776.0,793.0
130,University Pl & E 8 St,40.731,-73.995,770.0,781.0
131,8 Ave & W 52 St,40.764,-73.985,768.0,757.0
132,Washington Square E,40.73,-73.996,764.0,790.0
133,Allen St & Stanton St,40.722,-73.989,764.0,779.0
134,E 20 St & Park Ave,40.738,-73.988,760.0,788.0
135,Central Park W & W 91 St,40.789,-73.967,750.0,730.0
136,Wythe Ave & Metropolitan Ave,40.717,-73.963,749.0,751.0
137,Allen St & Hester St,40.716,-73.992,749.0,770.0
138,Broadway & W 53 St,40.763,-73.983,749.0,660.0
139,Metropolitan Ave & Bedford Ave,40.715,-73.96,747.0,754.0
140,E 41 St & Madison Ave (SE corner),40.752,-73.98,747.0,648.0
141,W 50 St & 10 Ave,40.765,-73.992,746.0,659.0
142,Hanson Pl & Ashland Pl,40.685,-73.978,746.0,757.0
143,10 Ave & W 14 St,40.742,-74.008,741.0,809.0
144,11 Ave & W 27 St,40.751,-74.005,740.0,749.0
145,1 Ave & E 30 St,40.741,-73.975,739.0,741.0
146,W 13 St & 7 Ave,40.738,-74.0,737.0,748.0
147,W 59 St & 10 Ave,40.771,-73.988,736.0,735.0
148,W 67 St & Broadway,40.775,-73.983,735.0,746.0
149,W 54 St & 9 Ave,40.766,-73.987,734.0,715.0
150,W 47 St & 10 Ave,40.763,-73.993,733.0,730.0
151,W 70 St & Amsterdam Ave,40.777,-73.983,720.0,652.0
152,North Moore St & Greenwich St,40.72,-74.01,719.0,742.0
153,E 19 St & 3 Ave,40.736,-73.985,716.0,727.0
154,5 Ave & E 87 St,40.782,-73.96,716.0,715.0
155,Sullivan St & Washington Sq,40.73,-73.999,709.0,699.0
156,Bleecker St & Crosby St,40.726,-73.995,708.0,707.0
157,1 Ave & E 39 St,40.747,-73.971,707.0,700.0
158,Broadway & W 51 St,40.762,-73.983,706.0,691.0
159,FDR Drive & E 35 St,40.744,-73.971,704.0,703.0
160,St Marks Pl & 1 Ave,40.728,-73.986,704.0,692.0
161,Howard St & Lafayette St,40.719,-74.0,703.0,707.0
162,W 42 St & 8 Ave,40.758,-73.991,700.0,704.0
163,E 13 St & Avenue A,40.73,-73.981,700.0,690.0
164,E 10 St & 2 Ave,40.73,-73.987,698.0,757.0
165,Central Park North & Adam Clayton Powell Blvd,40.799,-73.956,697.0,693.0
166,Thompson St & Bleecker St,40.728,-74.0,692.0,701.0
167,Vesey St & Church St,40.712,-74.01,690.0,686.0
168,W 11 St & 6 Ave,40.735,-73.998,689.0,679.0
169,6 Ave & W 45 St,40.757,-73.983,689.0,632.0
170,W 37 St & 10 Ave,40.757,-73.998,689.0,683.0
171,Fulton St & Adams St,40.692,-73.989,688.0,681.0
172,W 53 St & 10 Ave,40.767,-73.991,686.0,693.0
173,W 17 St & 8 Ave,40.742,-74.001,685.0,656.0
174,Greenwich St & W Houston St,40.729,-74.009,684.0,661.0
175,E 44 St & 2 Ave,40.751,-73.971,684.0,596.0
176,LaGuardia Pl & W 3 St,40.729,-73.998,683.0,706.0
177,W 55 St & 6 Ave,40.763,-73.978,683.0,664.0
178,S 5 Pl & S 5 St,40.71,-73.961,681.0,721.0
179,Mott St & Prince St,40.723,-73.995,679.0,680.0
180,Riverside Blvd & W 67 St,40.778,-73.989,677.0,657.0
181,Kent Ave & N 7 St,40.72,-73.962,677.0,679.0
182,Greenwich Ave & Charles St,40.735,-74.0,671.0,674.0
183,E 14 St & 1 Ave,40.731,-73.983,671.0,689.0
184,E 14 St & Avenue B,40.729,-73.978,668.0,655.0
185,W 49 St & 8 Ave,40.762,-73.988,668.0,636.0
186,E 13 St & 2 Ave,40.732,-73.985,667.0,692.0
187,E 22 St & 2 Ave,40.737,-73.981,665.0,675.0
188,W 51 St & 6 Ave,40.761,-73.98,664.0,667.0
189,W 37 St & 5 Ave,40.75,-73.983,663.0,611.0
190,West Drive & Prospect Park West,40.661,-73.979,662.0,665.0
191,E 7 St & Ave B,40.725,-73.981,661.0,629.0
192,E 53 St & Lexington Ave,40.758,-73.971,660.0,656.0
193,E 4 St & 2 Ave,40.726,-73.99,660.0,666.0
194,9 Ave & W 18 St,40.743,-74.004,659.0,698.0
195,6 Ave & Broome St,40.724,-74.005,659.0,658.0
196,Washington Pl & 6 Ave,40.732,-74.0,656.0,675.0
197,Perry St & Bleecker St,40.735,-74.005,653.0,642.0
198,Barrow St & Hudson St,40.732,-74.007,651.0,626.0
199,E 72 St & Park Ave,40.771,-73.964,649.0,667.0
200,Madison Av & E 51 St,40.759,-73.975,647.0,703.0
201,E 91 St & 2 Ave,40.781,-73.95,646.0,661.0
202,Rivington St & Ridge St,40.719,-73.983,645.0,602.0
203,W 26 St & 10 Ave,40.75,-74.003,643.0,663.0
204,Stanton St & Norfolk St,40.721,-73.986,639.0,656.0
205,Madison Ave & E 26 St,40.743,-73.987,636.0,633.0
206,11 Ave & W 59 St,40.771,-73.99,636.0,641.0
207,E 6 St & Avenue D,40.722,-73.977,630.0,637.0
208,Broadway & Berry St,40.71,-73.965,628.0,635.0
209,W 100 St & Broadway,40.797,-73.97,625.0,618.0
210,Spring St & Hudson St,40.726,-74.008,624.0,608.0
211,Central Park West & W 76 St,40.779,-73.974,621.0,604.0
212,E 47 St & 2 Ave,40.753,-73.97,619.0,630.0
213,Amsterdam Ave & W 82 St,40.785,-73.977,617.0,620.0
214,Ave A & E 11 St,40.729,-73.982,616.0,639.0
215,S 3 St & Bedford Ave,40.713,-73.963,613.0,641.0
216,Lexington Ave & E 29 St,40.743,-73.982,611.0,604.0
217,E 39 St & Lexington Ave,40.749,-73.977,609.0,615.0
218,W 64 St & Thelonious Monk Circle,40.775,-73.989,607.0,610.0
219,W 84 St & Columbus Ave,40.785,-73.973,606.0,616.0
220,E 9 St & 5 Ave,40.733,-73.996,606.0,655.0
221,Bayard St & Baxter St,40.716,-74.0,605.0,622.0
222,E 56 St & 3 Ave,40.759,-73.968,603.0,595.0
223,E 6 St & Avenue B,40.725,-73.982,600.0,597.0
224,W 34 St &\tHudson Blvd E,40.755,-74.001,599.0,649.0
225,Hudson St & W 13 St,40.74,-74.005,597.0,609.0
226,MacDougal St & Prince St,40.727,-74.003,595.0,612.0
227,West Thames St,40.708,-74.017,595.0,555.0
228,Little West St & 1 Pl,40.706,-74.017,593.0,595.0
229,Forsyth St & Canal St,40.716,-73.994,592.0,597.0
230,Lexington Ave & E 36 St,40.748,-73.979,590.0,585.0
231,E 11 St & Avenue B,40.727,-73.98,587.0,562.0
232,W 42 St & Dyer Ave,40.759,-73.994,586.0,548.0
233,E 84 St & 1 Ave,40.776,-73.951,586.0,587.0
234,E 27 St & Park Ave S,40.743,-73.985,581.0,587.0
235,5 Ave & E 93 St,40.786,-73.957,579.0,597.0
236,W 34 St & 11 Ave,40.756,-74.002,576.0,573.0
237,Plaza St East & Flatbush Ave,40.673,-73.969,576.0,424.0
238,Riverside Dr & W 72 St,40.781,-73.986,576.0,492.0
239,E 3 St & 1 Ave,40.725,-73.988,575.0,576.0
240,E 5 St & Ave A,40.725,-73.984,573.0,577.0
241,Lexington Ave & E 26 St,40.741,-73.983,570.0,564.0
242,W 56 St & 10 Ave,40.768,-73.989,569.0,544.0
243,W 35 St & 9 Ave,40.754,-73.996,568.0,553.0
244,W 100 St & Manhattan Ave,40.795,-73.964,566.0,581.0
245,E 7 St & Ave C,40.724,-73.979,565.0,530.0
246,Frederick Douglass Blvd & W 117 St,40.805,-73.955,565.0,581.0
247,E 16 St & Irving Pl,40.735,-73.988,561.0,597.0
248,5 Ave & E 72 St,40.773,-73.967,561.0,553.0
249,E 51 St & 2 Ave,40.755,-73.968,561.0,539.0
250,Lawrence St & Willoughby St,40.692,-73.986,561.0,562.0
251,2 Ave & E 96 St,40.784,-73.947,560.0,557.0
252,Driggs Ave & N 9 St,40.718,-73.955,556.0,586.0
253,Stanton St & Chrystie St,40.722,-73.991,556.0,607.0
254,W 36 St & 9 Ave,40.755,-73.995,554.0,532.0
255,Fulton St & Broadway,40.711,-74.009,552.0,617.0
256,E 48 St & 5 Ave,40.757,-73.978,550.0,553.0
257,E 30 St & Park Ave S,40.744,-73.983,550.0,554.0
258,W 36 St & 7 Ave,40.752,-73.99,549.0,537.0
259,E 12 St & 3 Ave,40.732,-73.989,548.0,544.0
260,W 89 St & Columbus Ave,40.788,-73.97,547.0,557.0
261,E 2 St & 2 Ave,40.725,-73.991,547.0,549.0
262,E 41 St & Madison Ave (SW corner),40.752,-73.98,546.0,559.0
263,Frederick Douglass Blvd & W 112 St,40.802,-73.957,543.0,562.0
264,Lafayette Ave & Ft Greene Pl,40.687,-73.977,543.0,542.0
265,E 53 St & Madison Ave,40.76,-73.974,542.0,529.0
266,Mercer St & Bleecker St,40.727,-73.997,542.0,561.0
267,Park Ave & E 124 St,40.805,-73.94,540.0,546.0
268,W 76 St & Columbus Ave,40.78,-73.977,538.0,482.0
269,Murray St & Greenwich St,40.715,-74.011,535.0,546.0
270,Queens Plaza North & Crescent St,40.751,-73.941,534.0,575.0
271,W 106 St & Central Park West,40.798,-73.961,533.0,535.0
272,Murray St & West St,40.715,-74.013,533.0,558.0
273,W 12 St & Hudson St,40.738,-74.006,532.0,552.0
274,E 9 St & Avenue C,40.725,-73.978,532.0,533.0
275,7 Ave S & Bleecker St,40.732,-74.004,530.0,545.0
276,E 25 St & 1 Ave,40.738,-73.977,522.0,518.0
277,Grand St & Greene St,40.722,-74.002,522.0,540.0
278,E 58 St & 1 Ave (NW Corner),40.759,-73.963,522.0,500.0
279,W 95 St & Broadway,40.794,-73.972,522.0,501.0
280,Berkeley Pl & 7 Ave,40.675,-73.975,521.0,533.0
281,Broadway & W 36 St,40.751,-73.988,517.0,518.0
282,W 50 St & 9 Ave,40.764,-73.989,515.0,529.0
283,E 48 St & 3 Ave,40.755,-73.972,514.0,534.0
284,7 Ave & Park Pl,40.678,-73.973,513.0,519.0
285,Leonard St & Church St,40.718,-74.006,512.0,535.0
286,W 30 St & 8 Ave,40.75,-73.995,512.0,508.0
287,E 88 St & 1 Ave,40.778,-73.949,512.0,512.0
288,W 52 St & 11 Ave,40.767,-73.994,511.0,517.0
289,1 Ave & E 44 St,40.75,-73.969,510.0,516.0
290,E 26 St & 3 Ave,40.741,-73.982,510.0,499.0
291,Central Park W & W 103 St,40.796,-73.962,503.0,462.0
292,Milton St & Franklin St,40.729,-73.958,502.0,520.0
293,Rivington St & Chrystie St,40.721,-73.992,501.0,512.0
294,E 63 St & 3 Ave,40.764,-73.965,500.0,453.0
295,Avenue D & E 3 St,40.721,-73.978,498.0,504.0
296,E 81 St & York Ave,40.773,-73.95,496.0,487.0
297,Market St & Henry St,40.713,-73.994,496.0,494.0
298,Pike St & E Broadway,40.714,-73.993,496.0,497.0
299,W 56 St & 6 Ave,40.763,-73.977,494.0,494.0
300,W 39 St & 9 Ave,40.756,-73.994,491.0,492.0
301,Prospect Park West & 8 St,40.665,-73.976,490.0,384.0
302,W 82 St & Central Park West,40.783,-73.971,488.0,435.0
303,Cathedral Pkwy & Broadway,40.804,-73.967,486.0,482.0
304,MacDougal St & Washington Sq,40.732,-73.999,482.0,496.0
305,E 54 St & 1 Ave,40.756,-73.964,481.0,461.0
306,Greenwich St & Perry St,40.735,-74.007,481.0,496.0
307,5 Ave & E 103 St,40.792,-73.952,480.0,478.0
308,Lenox Ave & W 111 St,40.799,-73.952,478.0,484.0
309,Madison Ave & E 82 St,40.778,-73.961,477.0,470.0
310,Grand St & Samuel Dickstein Plaza,40.715,-73.984,476.0,470.0
311,W 116 St & Amsterdam Ave,40.807,-73.961,476.0,462.0
312,Schermerhorn St & Bond St,40.688,-73.985,476.0,469.0
313,E 5 St & Avenue C,40.723,-73.98,476.0,460.0
314,St James Pl & Oliver St,40.713,-73.999,476.0,505.0
315,Clinton Ave & Myrtle Ave,40.693,-73.969,475.0,452.0
316,N 12 St & Bedford Ave,40.721,-73.955,474.0,487.0
317,8 Ave & W 27 St,40.748,-73.997,474.0,471.0
318,Lispenard St & Broadway,40.719,-74.002,474.0,500.0
319,E 51 St & Lexington Ave,40.757,-73.972,471.0,411.0
320,Clinton St & Tillary St,40.696,-73.991,470.0,466.0
321,E 59 St & Madison Ave,40.764,-73.971,470.0,482.0
322,E 89 St & York Ave,40.778,-73.946,469.0,470.0
323,W 46 St & 11 Ave,40.763,-73.997,468.0,468.0
324,Centre St & Worth St,40.715,-74.002,467.0,461.0
325,5 Ave & E 63 St,40.766,-73.972,464.0,478.0
326,King St & Varick St,40.728,-74.005,461.0,457.0
327,Amsterdam Ave & W 66 St,40.775,-73.985,461.0,459.0
328,Emerson Pl & Myrtle Ave,40.694,-73.962,458.0,440.0
329,Vernon Blvd & 50 Ave,40.742,-73.954,456.0,449.0
330,Hudson St & Reade St,40.716,-74.009,452.0,436.0
331,Bedford Ave & Nassau Ave,40.723,-73.952,452.0,476.0
332,Front St & Washington St,40.703,-73.989,451.0,449.0
333,E 84 St & Park Ave,40.779,-73.958,450.0,420.0
334,Bank St & Washington St,40.736,-74.009,448.0,439.0
335,E 77 St & 3 Ave,40.773,-73.959,447.0,441.0
336,W 52 St & 6 Ave,40.761,-73.98,445.0,435.0
337,W 56 St & 8 Ave,40.766,-73.983,445.0,397.0
338,William St & Pine St,40.707,-74.009,445.0,432.0
339,W 84 St & Broadway,40.787,-73.977,444.0,434.0
340,Hope St & Union Ave,40.712,-73.951,443.0,441.0
341,Spruce St & Nassau St,40.711,-74.006,442.0,440.0
342,Graham Ave & Conselyea St,40.715,-73.945,442.0,435.0
343,E 5 St & Cooper Sq,40.728,-73.991,442.0,445.0
344,W 51 St & Rockefeller Plaza,40.76,-73.978,440.0,404.0
345,E 56 St & Madison Ave,40.762,-73.973,440.0,421.0
346,W 87 St & Amsterdam Ave,40.788,-73.975,437.0,406.0
347,Fulton St & William St,40.71,-74.007,437.0,444.0
348,Berry St & N 8 St,40.719,-73.959,435.0,435.0
349,Franklin St & Dupont St,40.736,-73.959,435.0,436.0
350,E 51 St & 1 Ave,40.755,-73.966,433.0,434.0
351,3 Ave & E 62 St,40.763,-73.965,432.0,440.0
352,Clinton St & Cherry St,40.711,-73.987,431.0,416.0
353,DeKalb Ave & Vanderbilt Ave,40.689,-73.969,429.0,420.0
354,E 76 St & Park Ave,40.774,-73.962,427.0,439.0
355,E Houston St & Columbia St,40.72,-73.979,426.0,472.0
356,W 74 St & Columbus Ave,40.779,-73.978,426.0,401.0
357,Clinton St & Joralemon St,40.692,-73.993,425.0,416.0
358,Bank St & Hudson St,40.737,-74.006,424.0,401.0
359,Atlantic Ave & Furman St,40.692,-74.0,422.0,420.0
360,46 Ave & 5 St,40.747,-73.955,422.0,426.0
361,Mercer St & Spring St,40.724,-73.999,422.0,421.0
362,E 55 St & 2 Ave,40.758,-73.966,421.0,410.0
363,Lenox Ave & W 126 St,40.808,-73.945,421.0,410.0
364,St Nicholas Ave & Manhattan Ave,40.81,-73.953,421.0,414.0
365,Flushing Ave & Vanderbilt Ave,40.698,-73.971,420.0,434.0
366,3 St & Prospect Park West,40.668,-73.974,420.0,356.0
367,Grand St & Havemeyer St,40.713,-73.957,418.0,413.0
368,E 81 St & 3 Ave,40.776,-73.957,418.0,400.0
369,2 Ave & E 55 St,40.758,-73.966,414.0,404.0
370,Division St & Bowery,40.714,-73.997,413.0,417.0
371,Willoughby Ave & Hall St,40.692,-73.965,412.0,412.0
372,South St & Whitehall St,40.701,-74.012,411.0,420.0
373,E 6 St & 2 Ave,40.727,-73.988,410.0,416.0
374,W 47 St & 6 Ave,40.758,-73.983,408.0,416.0
375,Meserole Ave & Manhattan Ave,40.727,-73.953,408.0,430.0
376,Jay St & Tech Pl,40.695,-73.987,407.0,407.0
377,Bergen St & Vanderbilt Ave,40.679,-73.968,407.0,418.0
378,Fulton St & Waverly Ave,40.683,-73.966,407.0,367.0
379,Bedford Ave & Bergen St,40.676,-73.953,406.0,414.0
380,E 89 St & 3 Ave,40.781,-73.952,406.0,402.0
381,Broadway & Battery Pl,40.705,-74.014,405.0,372.0
382,India St & Manhattan Ave,40.732,-73.955,404.0,391.0
383,Morton St & Washington St,40.731,-74.009,404.0,421.0
384,Perry St & Greenwich Ave,40.736,-74.001,404.0,437.0
385,Carroll St & Smith St,40.681,-73.995,400.0,386.0
386,Stagg St & Union Ave,40.709,-73.951,398.0,386.0
387,E 45 St & 3 Ave,40.753,-73.973,398.0,402.0
388,Willoughby St & Fleet St,40.692,-73.981,398.0,397.0
389,Scholes St & Manhattan Ave,40.709,-73.945,397.0,413.0
390,W 87 St & West End Ave,40.79,-73.978,396.0,406.0
391,Henry St & Atlantic Ave,40.691,-73.996,395.0,398.0
392,E 97 St & Madison Ave,40.788,-73.954,394.0,410.0
393,Lenox Ave & W 117 St,40.803,-73.949,393.0,398.0
394,Bergen St & Smith St,40.687,-73.991,392.0,408.0
395,St. Nicholas Ave & W 126 St,40.811,-73.952,392.0,409.0
396,W 48 St &  Rockefeller Plaza,40.758,-73.979,391.0,393.0
397,E 4 St & Ave B,40.723,-73.983,388.0,410.0
398,Sands St & Jay St,40.7,-73.986,387.0,395.0
399,W 106 St & Amsterdam Ave,40.801,-73.966,386.0,388.0
400,Forsyth St & Broome St,40.719,-73.993,385.0,386.0
401,Prospect Pl & Vanderbilt Ave,40.678,-73.969,385.0,355.0
402,E 88 St & Park Ave,40.781,-73.956,384.0,378.0
403,Montague St & Clinton St,40.694,-73.992,383.0,377.0
404,Orchard St & Grand St,40.717,-73.991,382.0,400.0
405,Boerum Pl\t& Pacific St,40.688,-73.991,382.0,370.0
406,W Broadway & Spring St,40.725,-74.002,381.0,382.0
407,E 12 St & Ave C,40.727,-73.977,381.0,386.0
408,Eastern Pkwy & Franklin Ave,40.671,-73.958,380.0,352.0
409,E 68 St & 3 Ave,40.767,-73.962,379.0,385.0
410,Bergen St & Flatbush Ave,40.681,-73.976,379.0,383.0
411,E 47 St & 1 Ave,40.752,-73.968,379.0,396.0
412,E 65 St & 2 Ave,40.765,-73.962,377.0,386.0
413,DeKalb Ave & S Portland Ave,40.69,-73.975,377.0,369.0
414,Gansevoort St & Hudson St,40.739,-74.005,376.0,401.0
415,Kenmare St & Elizabeth St,40.721,-73.995,375.0,373.0
416,E 75 St & 3 Ave,40.771,-73.958,374.0,381.0
417,Graham Ave & Grand St,40.712,-73.944,374.0,365.0
418,Huron St & Franklin St,40.733,-73.958,373.0,383.0
419,Washington St & Barrow St,40.732,-74.009,372.0,375.0
420,W 113 St & Broadway,40.806,-73.965,372.0,375.0
421,Flatbush Ave & Ocean Ave,40.664,-73.963,372.0,370.0
422,W 92 St & Broadway,40.792,-73.974,371.0,366.0
423,Watts St & Greenwich St,40.724,-74.01,370.0,394.0
424,E 114 St & 1 Ave,40.795,-73.936,370.0,355.0
425,Liberty St & Nassau St,40.709,-74.009,369.0,390.0
426,Riverside Dr & W 82 St,40.787,-73.981,369.0,347.0
427,Hicks St & Montague St,40.695,-73.996,369.0,379.0
428,Plaza St West & Flatbush Ave,40.675,-73.971,368.0,377.0
429,Metropolitan Ave & Meeker Ave,40.714,-73.952,367.0,390.0
430,Monroe St & Bedford Ave,40.685,-73.954,366.0,362.0
431,Avenue C & E 18 St,40.731,-73.974,365.0,358.0
432,McGuinness Blvd & Eagle St,40.736,-73.953,365.0,385.0
433,W 110 St & Amsterdam Ave,40.803,-73.963,364.0,362.0
434,Duffield St & Willoughby St,40.692,-73.984,363.0,381.0
435,E 85 St & York Ave,40.775,-73.948,362.0,365.0
436,Bergen St & 4 Ave,40.683,-73.98,362.0,376.0
437,Leonard St & Nassau Ave,40.724,-73.95,362.0,391.0
438,Jay St & York St,40.701,-73.987,361.0,359.0
439,Carlton Ave & Dean St,40.681,-73.971,359.0,374.0
440,Court St & State St,40.69,-73.992,359.0,360.0
441,6 Ave & 9 St,40.668,-73.984,358.0,346.0
442,Atlantic Ave & Fort Greene Pl,40.684,-73.976,358.0,352.0
443,Schermerhorn St & Court St,40.691,-73.992,357.0,363.0
444,W 116 St & Broadway,40.808,-73.964,354.0,334.0
445,Columbia St & Rivington St,40.717,-73.98,354.0,350.0
446,W 15 St & 10 Ave,40.743,-74.007,353.0,396.0
447,5 Ave & 3 St,40.673,-73.984,353.0,344.0
448,Roebling St & N 4 St,40.715,-73.957,350.0,374.0
449,3 Ave & E 72 St,40.77,-73.961,350.0,328.0
450,Greenpoint Ave & Manhattan Ave,40.73,-73.954,350.0,371.0
451,3 St & 7 Ave,40.67,-73.978,349.0,357.0
452,Bialystoker Pl & Delancey St,40.716,-73.983,348.0,322.0
453,South St & Gouverneur Ln,40.704,-74.007,347.0,336.0
454,Reade St & Broadway,40.715,-74.006,347.0,357.0
455,Driggs Ave & N Henry St,40.723,-73.943,346.0,337.0
456,W 90 St & Amsterdam Ave,40.79,-73.973,345.0,301.0
457,Lafayette Ave & St James Pl,40.689,-73.965,342.0,315.0
458,Kent Ave & Division Ave,40.707,-73.968,341.0,370.0
459,E 92 St & Park Ave,40.784,-73.954,340.0,342.0
460,Cherry St,40.712,-73.979,338.0,330.0
461,E 68 St & Madison Ave,40.769,-73.967,338.0,298.0
462,Classon Ave & St Marks Ave,40.677,-73.96,337.0,307.0
463,Pearl St & Peck Slip,40.708,-74.003,337.0,360.0
464,Lexington Ave & E 111 St,40.795,-73.944,337.0,335.0
465,Warren St & W Broadway,40.715,-74.009,335.0,323.0
466,Cliff St & Fulton St,40.708,-74.005,335.0,338.0
467,DeKalb Ave & Hudson Ave,40.69,-73.981,334.0,332.0
468,Adelphi St & Myrtle Ave,40.693,-73.972,333.0,338.0
469,6 Ave & Canal St,40.722,-74.006,330.0,327.0
470,31 St & Broadway,40.762,-73.926,330.0,307.0
471,Nassau Ave & Russell St,40.726,-73.944,329.0,325.0
472,44 Dr & Jackson Ave,40.747,-73.943,327.0,341.0
473,Madison Ave & E 99 St,40.789,-73.952,325.0,324.0
474,E 58 St & Madison Ave,40.763,-73.972,325.0,334.0
475,West End Ave & W 107 St,40.802,-73.968,324.0,298.0
476,Dean St & Franklin Ave,40.678,-73.956,323.0,316.0
477,Catherine St & Monroe St,40.711,-73.997,323.0,325.0
478,Water St &  Fletcher St,40.706,-74.006,323.0,370.0
479,Pearl St & Hanover Square,40.705,-74.009,323.0,315.0
480,Broadway & Roebling St,40.709,-73.961,322.0,335.0
481,S 4 St & Rodney St,40.709,-73.956,321.0,335.0
482,W Broadway & W Houston St,40.726,-74.0,318.0,338.0
483,Adam Clayton Powell Blvd & W 126 St,40.809,-73.948,317.0,317.0
484,Park Pl & Church St,40.713,-74.009,316.0,305.0
485,Riverside Dr & W 104 St,40.801,-73.971,316.0,324.0
486,Ave D & E 8 St,40.724,-73.976,315.0,326.0
487,Henry St & Degraw St,40.685,-73.999,314.0,312.0
488,Eastern Pkwy & Washington Ave,40.672,-73.963,314.0,220.0
489,Washington Ave & Park Ave,40.696,-73.968,313.0,315.0
490,Devoe St & Lorimer St,40.713,-73.949,312.0,313.0
491,E 102 St & 1 Ave,40.787,-73.942,310.0,309.0
492,Union Ave & N 12 St,40.719,-73.952,309.0,320.0
493,Riverside Dr & W 91 St,40.793,-73.977,308.0,257.0
494,Clinton St & Union St,40.683,-73.998,307.0,307.0
495,Carroll St & 5 Ave,40.675,-73.981,307.0,305.0
496,W 107 St & Columbus Ave,40.8,-73.962,305.0,309.0
497,Albany St & Greenwich St,40.709,-74.013,304.0,299.0
498,Montrose Ave & Bushwick Ave,40.708,-73.94,304.0,303.0
499,W 35 St & Dyer Ave,40.755,-73.997,303.0,298.0
500,Front St & Jay St,40.702,-73.987,303.0,297.0
501,E 78 St & 2 Ave,40.773,-73.956,302.0,287.0
502,West End Ave & W 94 St,40.794,-73.974,301.0,288.0
503,Fulton St & Irving Pl,40.682,-73.959,301.0,267.0
504,Water St & Main St,40.703,-73.99,301.0,302.0
505,E 106 St & Madison Ave,40.793,-73.949,300.0,299.0
506,State St & Smith St,40.689,-73.989,300.0,300.0
507,Steinway St & Broadway,40.759,-73.919,300.0,305.0
508,31 St & Newtown Ave,40.768,-73.921,299.0,303.0
509,Melrose St & Broadway,40.697,-73.936,298.0,303.0
510,Douglass St & 3 Ave,40.68,-73.984,298.0,303.0
511,West Broadway & Watts St,40.723,-74.003,297.0,362.0
512,West End Ave & W 78 St,40.784,-73.982,297.0,256.0
513,Frederick Douglass Blvd & W 115 St,40.804,-73.956,297.0,334.0
514,12 Ave & W 125 St,40.818,-73.96,296.0,292.0
515,Lewis Ave & Madison St,40.686,-73.936,296.0,282.0
516,John St & William St,40.709,-74.007,295.0,294.0
517,Kingsland Ave & Nassau Ave,40.726,-73.942,291.0,290.0
518,Parade Pl & Crooke Ave,40.652,-73.965,291.0,288.0
519,1 Ave & E 110 St,40.792,-73.938,291.0,285.0
520,10 St & 7 Ave,40.666,-73.982,291.0,289.0
521,1 Ave & E 94 St,40.782,-73.946,289.0,295.0
522,Lexington Ave & Classon Ave,40.687,-73.959,289.0,274.0
523,Maiden Ln & Pearl St,40.707,-74.007,289.0,280.0
524,Sterling Pl & Bedford Ave,40.673,-73.954,288.0,265.0
525,Clermont Ave & Lafayette Ave,40.688,-73.97,288.0,273.0
526,E 118 St & 1 Ave,40.797,-73.935,287.0,296.0
527,Delancey St & Eldridge St,40.719,-73.991,287.0,301.0
528,Greene St & Prince St,40.725,-73.999,285.0,285.0
529,E 93 St & 2 Ave,40.782,-73.949,285.0,297.0
530,Cumberland St & Lafayette Ave,40.688,-73.973,283.0,282.0
531,Nassau Ave & Newell St,40.725,-73.948,283.0,289.0
532,E 58 St & 1 Ave (NE Corner),40.759,-73.962,281.0,284.0
533,South St & Pike St,40.71,-73.992,279.0,265.0
534,Warren St & Smith St,40.685,-73.991,279.0,285.0
535,Douglass St & 4 Ave,40.679,-73.982,278.0,278.0
536,Stanton St & Mangin St,40.718,-73.976,278.0,284.0
537,St Johns Pl & Washington Ave,40.674,-73.963,278.0,268.0
538,Greenwich St & Hubert St,40.721,-74.01,277.0,333.0
539,Crescent St & Broadway,40.763,-73.929,277.0,279.0
540,Roosevelt Island Tramway,40.757,-73.954,276.0,306.0
541,Monroe St & Tompkins Ave,40.686,-73.945,276.0,230.0
542,Underhill Ave & Pacific St,40.68,-73.965,275.0,281.0
543,E 50 St & Park Ave,40.757,-73.974,275.0,289.0
544,Amsterdam Ave & W 119 St,40.809,-73.96,275.0,267.0
545,Jackson Ave & 46 Rd,40.745,-73.947,275.0,265.0
546,Bus Slip & State St,40.702,-74.014,274.0,294.0
547,E 82 St & East End Ave,40.772,-73.947,274.0,263.0
548,Crescent St & 30 Ave,40.769,-73.925,274.0,274.0
549,Garfield Pl & 8 Ave,40.671,-73.975,274.0,277.0
550,Water St & Gouverneur Ln,40.705,-74.008,272.0,262.0
551,Lafayette Ave & Classon Ave,40.689,-73.96,272.0,268.0
552,Sands St Gate,40.7,-73.98,271.0,283.0
553,Degraw St & Smith St,40.683,-73.993,271.0,276.0
554,Grand Ave & Bergen St,40.678,-73.962,270.0,249.0
555,Broadway & W 37 St,40.752,-73.988,269.0,253.0
556,Macon St & Nostrand Ave,40.681,-73.95,269.0,268.0
557,Congress St & Clinton St,40.688,-73.995,268.0,273.0
558,Cadman Plaza E & Tillary St,40.696,-73.99,267.0,239.0
559,Pike St & Monroe St,40.712,-73.992,267.0,273.0
560,6 Ave & Walker St,40.72,-74.005,267.0,280.0
561,Underhill Ave & Lincoln Pl,40.674,-73.967,266.0,266.0
562,Washington St & Laight St,40.722,-74.011,266.0,258.0
563,Hudson St & N Moore St,40.72,-74.009,265.0,264.0
564,Franklin St & W Broadway,40.719,-74.007,265.0,260.0
565,Motorgate,40.764,-73.948,263.0,280.0
566,Carroll St & 6 Ave,40.674,-73.979,262.0,276.0
567,Broadway & Morris St,40.706,-74.013,262.0,222.0
568,Leonard St & Maujer St,40.71,-73.947,261.0,252.0
569,Driggs Ave & Lorimer St,40.722,-73.95,261.0,261.0
570,S Portland Ave & Hanson Pl,40.685,-73.974,260.0,261.0
571,Rutgers St & Henry St,40.713,-73.99,260.0,264.0
572,E 95 St & 3 Ave,40.785,-73.951,259.0,242.0
573,Broad St & Bridge St,40.704,-74.012,258.0,238.0
574,India St Pier,40.732,-73.961,258.0,270.0
575,3 Ave & E 71 St,40.769,-73.961,258.0,258.0
576,Washington Park,40.692,-73.974,258.0,261.0
577,45 Ave & 21 St,40.747,-73.948,256.0,260.0
578,Madison St & Montgomery St,40.713,-73.985,255.0,242.0
579,1 Pl & Clinton St,40.681,-73.999,254.0,275.0
580,Cadman Plaza E & Red Cross Pl,40.7,-73.99,253.0,250.0
581,Dean St & Hoyt St,40.686,-73.988,251.0,245.0
582,3 Ave & Schermerhorn St,40.687,-73.98,250.0,247.0
583,Grand Army Plaza & Plaza St West,40.673,-73.971,247.0,262.0
584,Center Blvd & 51 Ave,40.743,-73.96,245.0,238.0
585,Hudson Blvd E & W 36 St,40.756,-74.0,244.0,206.0
586,Johnson St & Gold St,40.695,-73.984,244.0,266.0
587,DeKalb Ave & Franklin Ave,40.691,-73.957,243.0,241.0
588,2 Ave & E 104 St,40.789,-73.944,242.0,240.0
589,Halsey St & Tompkins Ave,40.682,-73.944,242.0,251.0
590,Prospect Pl & Underhill Ave,40.677,-73.966,242.0,235.0
591,Old Fulton St,40.703,-73.994,241.0,246.0
592,Pleasant Ave & E 120 St,40.797,-73.931,240.0,249.0
593,Prospect Pl & 6 Ave,40.679,-73.975,240.0,261.0
594,Kane St & Clinton St,40.686,-73.996,240.0,242.0
595,Lefferts Pl & Franklin Ave,40.68,-73.956,240.0,239.0
596,E 81 St & Park Ave,40.777,-73.959,238.0,216.0
597,Bond St & Fulton St,40.69,-73.983,238.0,220.0
598,Pacific St & Nevins St,40.685,-73.983,237.0,247.0
599,E 103 St & Lexington Ave,40.79,-73.948,237.0,231.0
600,Columbia Heights & Cranberry St,40.7,-73.995,237.0,236.0
601,6 St & 7 Ave,40.669,-73.98,236.0,237.0
602,Union St & 4 Ave,40.677,-73.983,234.0,246.0
603,Hancock St & Bedford Ave,40.682,-73.954,234.0,214.0
604,31 Ave & Crescent St,40.766,-73.927,234.0,223.0
605,Bayard St & Leonard St,40.719,-73.949,234.0,252.0
606,4 Ave & 3 St,40.674,-73.986,234.0,238.0
607,E 67 St & Park Ave,40.768,-73.966,233.0,238.0
608,Morningside Ave & W 123 St,40.81,-73.955,232.0,235.0
609,Washington Ave & Greene Ave,40.687,-73.966,230.0,240.0
610,Myrtle Ave & Fleet Pl,40.694,-73.982,230.0,235.0
611,E 66 St & Madison Ave,40.768,-73.968,228.0,247.0
612,W 18 St & 9 Ave,40.744,-74.004,228.0,276.0
613,Avenue D & E 10 St,40.725,-73.975,228.0,247.0
614,W 104 St & Amsterdam Ave,40.799,-73.966,226.0,229.0
615,Wards Meadow Comfort Station,40.783,-73.931,226.0,225.0
616,Cambridge Pl & Gates Ave,40.685,-73.963,226.0,216.0
617,14 St & 7 Ave,40.664,-73.984,226.0,205.0
618,Adam Clayton Powell Blvd & W 123 St,40.808,-73.949,225.0,224.0
619,Willoughby Ave & Tompkins Ave,40.694,-73.946,224.0,226.0
620,E 80 St & 2 Ave,40.774,-73.954,224.0,232.0
621,Kingston Ave & Herkimer St,40.679,-73.941,224.0,213.0
622,Duane St & Hudson St,40.717,-74.009,223.0,217.0
623,Riverside Dr & W 78 St,40.784,-73.984,223.0,215.0
624,Madison St & Clinton St,40.713,-73.988,222.0,252.0
625,Dock St & Front St,40.703,-73.993,221.0,235.0
626,31 St & 23 Ave,40.775,-73.913,221.0,235.0
627,E 106 St & Lexington Ave,40.792,-73.946,220.0,231.0
628,Franklin Ave & St Marks Ave,40.676,-73.956,220.0,224.0
629,Kosciuszko St & Tompkins Ave,40.691,-73.945,219.0,221.0
630,Henry St & Middagh St,40.7,-73.992,219.0,212.0
631,Carroll St & Columbia St,40.683,-74.003,218.0,219.0
632,Greene Ave & Nostrand Ave,40.688,-73.951,218.0,221.0
633,E 60 St & York Ave,40.759,-73.959,216.0,210.0
634,Lenox Ave & W 115 St,40.801,-73.95,216.0,222.0
635,Greene Ave & Throop Ave,40.689,-73.942,215.0,208.0
636,Pierrepont St & Monroe Pl,40.695,-73.993,215.0,216.0
637,Wyckoff Ave & Gates Ave,40.7,-73.912,215.0,198.0
638,Smith St & 9 St,40.675,-73.998,215.0,226.0
639,President St & 4 Ave,40.677,-73.983,214.0,269.0
640,Harrison St & Hudson St,40.719,-74.009,214.0,212.0
641,Fulton St & Utica Ave,40.679,-73.93,214.0,213.0
642,1 St & 6 Ave,40.673,-73.98,213.0,202.0
643,27 St & Hunter St,40.748,-73.941,212.0,218.0
644,4 Ave & 9 St,40.671,-73.989,210.0,219.0
645,3 St & 3 Ave,40.675,-73.988,210.0,232.0
646,Clinton Ave & Flushing Ave,40.698,-73.97,210.0,224.0
647,38 St & 30 Ave,40.764,-73.916,210.0,198.0
648,W 120 St & Claremont Ave,40.811,-73.963,210.0,196.0
649,Market St & Cherry St,40.711,-73.994,209.0,231.0
650,14 St & 5 Ave,40.666,-73.989,208.0,201.0
651,Marcus Garvey Blvd & Macon St,40.683,-73.938,208.0,220.0
652,Union St & Nevins St,40.679,-73.988,208.0,236.0
653,Grove St & Broadway,40.69,-73.924,207.0,174.0
654,St James Pl & Pearl St,40.711,-74.0,206.0,227.0
655,Putnam Ave & Throop Ave,40.685,-73.941,205.0,206.0
656,Berkeley Pl & 6 Ave,40.677,-73.978,205.0,210.0
657,East End Ave & E 86 St,40.775,-73.944,204.0,209.0
658,Bushwick Ave & Powers St,40.712,-73.941,203.0,202.0
659,Brooklyn Bridge Park - Pier 2,40.698,-73.997,199.0,217.0
660,E 118 St & 3 Ave,40.799,-73.939,199.0,202.0
661,Broadway & W 122 St,40.812,-73.961,199.0,197.0
662,2 Ave & E 99 St,40.786,-73.946,198.0,196.0
663,Ashland Pl & Dekalb Ave,40.69,-73.979,196.0,192.0
664,Boerum St & Broadway,40.705,-73.95,196.0,214.0
665,Wyckoff Av & Stanhope St,40.704,-73.918,195.0,216.0
666,28 St & 41 Ave,40.751,-73.938,195.0,207.0
667,Mt Morris Park W & W 120 St,40.804,-73.946,195.0,205.0
668,31 St & Ditmars Blvd,40.776,-73.91,194.0,187.0
669,Fulton St & Clermont Ave,40.684,-73.969,194.0,188.0
670,Broadway & Whipple St,40.702,-73.944,193.0,180.0
671,Degraw St & Hoyt St,40.682,-73.991,192.0,201.0
672,Court St & Nelson St,40.676,-73.999,192.0,217.0
673,Smith St & 3 St,40.679,-73.996,192.0,175.0
674,E 116 St & 2 Ave,40.797,-73.937,191.0,194.0
675,Clermont Ave & Park Ave,40.696,-73.971,191.0,203.0
676,Graham Ave & Withers St,40.717,-73.945,191.0,190.0
677,31 Ave & 34 St,40.763,-73.921,191.0,194.0
678,E 97 St & 3 Ave,40.786,-73.949,190.0,202.0
679,Adam Clayton Powell Blvd & W 138 St,40.817,-73.942,190.0,190.0
680,Broadway & W 131 St,40.818,-73.957,189.0,191.0
681,7 St & 5 Ave,40.67,-73.985,189.0,201.0
682,Park Pl & Franklin Ave,40.674,-73.956,189.0,181.0
683,Bridge St & Water St,40.703,-73.985,189.0,190.0
684,Rogers Ave & Sterling St,40.663,-73.954,189.0,195.0
685,35 St & 30 Ave,40.765,-73.918,189.0,126.0
686,Adam Clayton Powell Blvd & W 118 St,40.804,-73.951,188.0,189.0
687,Henry St & Remsen St,40.694,-73.995,187.0,184.0
688,Adam Clayton Powell Blvd & W 115 St,40.803,-73.953,187.0,192.0
689,31 St & Astoria Blvd,40.77,-73.918,187.0,188.0
690,6 Ave & 12 St,40.666,-73.985,186.0,189.0
691,Willoughby Ave & Myrtle Ave,40.698,-73.931,186.0,181.0
692,Bond St & Bergen St,40.685,-73.986,186.0,186.0
693,Old Slip & South St,40.703,-74.008,186.0,208.0
694,Carlton Ave & Flushing Ave,40.698,-73.974,186.0,193.0
695,21 St & Queens Plaza North,40.753,-73.943,185.0,180.0
696,Adams St & Prospect St,40.701,-73.989,184.0,166.0
697,Banker St & Meserole Ave,40.726,-73.956,183.0,192.0
698,Concord St & Bridge St,40.698,-73.985,183.0,186.0
699,Sterling Pl & 5 Ave,40.679,-73.979,182.0,206.0
700,Suydam St & Knickerbocker Ave,40.702,-73.924,180.0,178.0
701,Richardson St & N Henry St,40.719,-73.942,180.0,180.0
702,Front St & Gold St,40.702,-73.983,178.0,176.0
703,Carroll St & Bond St,40.679,-73.99,178.0,174.0
704,E 118 St & Madison Ave,40.801,-73.944,178.0,186.0
705,Spruce St & Gold St,40.71,-74.004,178.0,189.0
706,Dock 72 Way & Market St,40.7,-73.971,178.0,177.0
707,Clinton St & 4 Place,40.678,-74.0,178.0,173.0
708,Union St & Bedford Ave,40.669,-73.955,178.0,186.0
709,Kosciuszko St & Nostrand Ave,40.691,-73.951,178.0,172.0
710,Southpoint Park,40.754,-73.959,177.0,166.0
711,Amsterdam Ave & W 125 St,40.813,-73.956,176.0,177.0
712,Astoria Park S & Shore Blvd,40.777,-73.928,176.0,179.0
713,Morgan Ave & Lombardy St,40.722,-73.939,176.0,169.0
714,Suydam St & Broadway,40.695,-73.932,176.0,174.0
715,Wyckoff St & Nevins St,40.683,-73.984,175.0,184.0
716,Crescent St & 34 Ave,40.761,-73.931,174.0,159.0
717,Myrtle Ave & St Edwards St,40.693,-73.977,173.0,196.0
718,Nevins St & Schermerhorn St,40.687,-73.982,173.0,170.0
719,6 Ave & 21 St,40.66,-73.991,171.0,172.0
720,E 115 St & Lexington Ave,40.798,-73.942,171.0,174.0
721,Pitt St & Stanton St,40.719,-73.982,170.0,196.0
722,Lewis Ave & Kosciuszko St,40.692,-73.937,170.0,164.0
723,E 102 St & Park Ave,40.79,-73.95,170.0,175.0
724,E 98 St & Park Ave,40.788,-73.952,170.0,181.0
725,Willoughby Ave & Walworth St,40.693,-73.954,168.0,175.0
726,N 11 St & Kent Ave,40.722,-73.959,168.0,202.0
727,Madison Ave & E 120 St,40.803,-73.943,167.0,167.0
728,McKibbin St & Manhattan Ave,40.705,-73.944,167.0,172.0
729,St Nicholas Ave & W 134 St,40.816,-73.948,166.0,168.0
730,E 106 St & 1 Ave,40.789,-73.94,166.0,164.0
731,Leonard St & Boerum St,40.706,-73.946,165.0,167.0
732,St Marks Pl & 4 Ave,40.682,-73.98,164.0,182.0
733,Wilson Ave & Troutman St,40.702,-73.928,164.0,143.0
734,Union Ave & Jackson St,40.716,-73.952,164.0,164.0
735,Calyer St & Jewel St,40.73,-73.948,163.0,166.0
736,Engert Ave & McGuinness Blvd,40.722,-73.945,162.0,154.0
737,Myrtle Ave & Marcy Ave,40.695,-73.95,162.0,156.0
738,Columbus Ave & W 103 St,40.797,-73.964,162.0,161.0
739,5 Ave & W 126 St,40.807,-73.942,161.0,158.0
740,W 37 St & Broadway,40.752,-73.988,161.0,176.0
741,31 Ave & 30 St,40.765,-73.924,161.0,164.0
742,Barclay St & Church St,40.713,-74.01,161.0,157.0
743,45 Rd & 11 St,40.747,-73.95,160.0,169.0
744,Lincoln Pl & Classon Ave,40.672,-73.961,160.0,136.0
745,Bedford Ave & S 9 St,40.709,-73.964,159.0,163.0
746,Monroe St & Classon Ave,40.685,-73.959,158.0,154.0
747,3 Ave & E 100 St,40.788,-73.947,158.0,152.0
748,Verona Pl & Fulton St,40.68,-73.948,158.0,159.0
749,34 Ave & 38 St,40.757,-73.922,157.0,156.0
750,Powers St & Olive St,40.713,-73.939,156.0,134.0
751,McKibbin St & Bogart St,40.706,-73.934,154.0,179.0
752,5 St & 6 Ave,40.67,-73.982,154.0,147.0
753,Melrose Ave & E 150 St,40.817,-73.917,154.0,140.0
754,Prospect Park SW & Vanderbilt St,40.655,-73.973,153.0,171.0
755,Congress St & Hicks St,40.689,-74.0,153.0,168.0
756,Union Ave & Wallabout St,40.7,-73.95,153.0,161.0
757,Lewis Ave & Decatur St,40.681,-73.935,153.0,164.0
758,24 St & 41 Ave,40.752,-73.94,152.0,135.0
759,31 Ave & Steinway St,40.761,-73.917,152.0,142.0
760,Steinway St & 28 Ave,40.766,-73.914,150.0,154.0
761,Lenox Ave & W 130 St,40.811,-73.943,150.0,150.0
762,7 St & 3 Ave,40.673,-73.99,150.0,158.0
763,10 St & 5 Ave,40.669,-73.987,149.0,144.0
764,Broadway & Moylan Pl,40.814,-73.959,149.0,156.0
765,Nassau St\t& Duffield St,40.698,-73.984,149.0,166.0
766,Warren St & Court St,40.686,-73.994,148.0,170.0
767,12 St & 4 Ave,40.669,-73.99,148.0,158.0
768,31 St & Thomson Ave,40.745,-73.935,147.0,122.0
769,5 Ave & W 131 St,40.81,-73.94,147.0,156.0
770,36 Ave & 31 St,40.757,-73.93,146.0,150.0
771,Vernon Blvd & 10 St,40.767,-73.937,146.0,149.0
772,Park Cir & East Dr,40.652,-73.972,146.0,158.0
773,17 St & 5 Ave,40.663,-73.991,146.0,145.0
774,Greenwich St & Rector St,40.708,-74.014,146.0,139.0
775,Columbia St & Degraw St,40.686,-74.002,146.0,160.0
776,W 168th S & Fort Washington Ave,40.842,-73.942,146.0,129.0
777,Carlton Ave & Park Ave,40.696,-73.974,145.0,144.0
778,Adam Clayton Powell Blvd & W 130 St,40.812,-73.946,145.0,140.0
779,Knickerbocker Ave & George St,40.704,-73.928,145.0,157.0
780,Adam Clayton Powell Blvd & W 132 St,40.814,-73.945,145.0,139.0
781,Irving Ave & Jefferson St,40.705,-73.925,144.0,147.0
782,Avenue D & E 12 St,40.726,-73.974,144.0,160.0
783,Beaver St & Fayette St,40.701,-73.939,144.0,152.0
784,Pulaski St & Marcus Garvey Blvd,40.693,-73.94,143.0,139.0
785,Prospect Park SW & 10 Ave,40.66,-73.978,143.0,107.0
786,Marcy Ave & Lafayette Ave,40.69,-73.948,142.0,135.0
787,Vernon Blvd & 31 Ave,40.769,-73.935,142.0,145.0
788,Franklin Ave & Myrtle Ave,40.695,-73.958,142.0,144.0
789,Center Blvd & 48 Ave,40.745,-73.958,141.0,132.0
790,E 161 St & River Ave,40.828,-73.927,139.0,125.0
791,George St & Wilson Ave,40.703,-73.93,138.0,140.0
792,Park Ave & Marcus Garvey Blvd,40.699,-73.941,136.0,132.0
793,N 15 St & Wythe Ave,40.724,-73.956,136.0,143.0
794,Butler St & Court St,40.685,-73.994,135.0,143.0
795,18 St & 27 Ave,40.773,-73.927,135.0,123.0
796,35 St & Broadway,40.76,-73.922,135.0,130.0
797,Sterling St & Bedford Ave,40.663,-73.957,135.0,135.0
798,Wyckoff Av & Jefferson St,40.707,-73.924,135.0,133.0
799,Division Ave & Hooper St,40.707,-73.954,134.0,139.0
800,Edgecombe Ave & W 141 St,40.821,-73.945,134.0,124.0
801,Windsor Pl & Howard Pl,40.659,-73.98,134.0,97.0
802,Frederick Douglass Blvd & W 145 St,40.823,-73.942,133.0,125.0
803,E 106 St & 2 Ave,40.791,-73.942,133.0,153.0
804,5 St & Market St,40.7,-73.974,132.0,166.0
805,Van Brunt St & Van Dyke St,40.676,-74.015,132.0,142.0
806,Evergreen Ave & Noll St,40.701,-73.933,132.0,128.0
807,Columbia St & Kane St,40.688,-74.002,131.0,134.0
808,Cedar St & Evergreen Ave,40.697,-73.928,130.0,80.0
809,36 St & 4 Ave,40.654,-74.004,130.0,132.0
810,Central Ave & Starr Street,40.7,-73.928,129.0,129.0
811,Broadway & Kosciuszko St,40.693,-73.929,129.0,128.0
812,Knickerbocker Ave & Thames St,40.705,-73.93,129.0,138.0
813,Waterbury St & Stagg St,40.71,-73.937,129.0,122.0
814,3 Ave & E 112 St,40.796,-73.942,129.0,141.0
815,21 St & Hoyt Ave S,40.775,-73.924,128.0,138.0
816,Laight St & Hudson St,40.722,-74.008,128.0,120.0
817,Graham Ave & Herbert St,40.719,-73.945,128.0,127.0
818,11 Ave & Prospect Ave,40.656,-73.977,127.0,126.0
819,Humboldt St & Varet St,40.703,-73.941,126.0,128.0
820,48 St & Broadway,40.756,-73.913,125.0,121.0
821,31 St & Hoyt Ave N,40.771,-73.917,125.0,112.0
822,Putnam Ave & Nostrand Ave,40.684,-73.95,125.0,123.0
823,Calyer St & Guernsey St,40.728,-73.955,125.0,146.0
824,Nassau St & Navy St,40.698,-73.981,124.0,143.0
825,Broadway & Madison St,40.688,-73.92,124.0,127.0
826,Edgecombe Ave & W 145 St,40.823,-73.944,124.0,125.0
827,Vernon Blvd & 47 Rd,40.745,-73.953,123.0,126.0
828,Lenox Ave & W 140 St,40.817,-73.939,122.0,139.0
829,2 Ave & E 125 St,40.803,-73.934,121.0,127.0
830,25 Ave & 41 St,40.768,-73.911,121.0,107.0
831,Throop Ave & Myrtle Ave,40.696,-73.944,120.0,121.0
832,Manhattan Av & Leonard St,40.721,-73.948,120.0,142.0
833,Pacific St & Classon Ave,40.679,-73.959,120.0,115.0
834,Prospect Park SW & 16 St,40.657,-73.974,119.0,137.0
835,Newtown Ave & 23 St,40.771,-73.925,119.0,118.0
836,Sharon St & Olive St,40.715,-73.939,119.0,122.0
837,E 115 St & Madison Ave,40.799,-73.945,118.0,120.0
838,3 St & Hoyt St,40.678,-73.994,118.0,118.0
839,Broadway & W 133 St,40.819,-73.956,117.0,114.0
840,Irving Ave & DeKalb Ave,40.703,-73.921,117.0,115.0
841,Bedford Ave & Montgomery St,40.666,-73.957,116.0,120.0
842,Whitehall St & Bridge St,40.704,-74.013,115.0,121.0
843,8 St & Astoria Blvd,40.773,-73.933,115.0,122.0
844,Nostrand Ave & Myrtle Ave,40.695,-73.952,115.0,105.0
845,Willoughby Ave & Wyckoff Ave,40.706,-73.922,114.0,111.0
846,2 Ave & E 122 St,40.801,-73.935,114.0,113.0
847,Greene Av & Myrtle Av,40.699,-73.919,114.0,118.0
848,21 St & 4 Ave,40.663,-73.996,112.0,103.0
849,3 Ave & Carroll St,40.677,-73.986,112.0,135.0
850,21 St & 31 Dr,40.766,-73.931,112.0,109.0
851,Adam Clayton Powell Blvd & W 141 St,40.819,-73.941,112.0,104.0
852,E 81 St & 2 Ave,40.775,-73.954,112.0,102.0
853,Riverside Dr & W 138 St,40.823,-73.956,111.0,101.0
854,White St & Moore St,40.705,-73.935,111.0,109.0
855,Frost St & Meeker Ave,40.718,-73.949,110.0,121.0
856,Lenox Ave & W 133 St,40.813,-73.942,110.0,111.0
857,31 St & Northern Blvd,40.752,-73.933,110.0,98.0
858,E Fordham Rd & Webster Ave,40.862,-73.891,110.0,109.0
859,Icahn Stadium,40.793,-73.924,110.0,112.0
860,Wadsworth Ave & W 179 St,40.848,-73.936,110.0,95.0
861,Van Brunt St & Wolcott St,40.677,-74.013,109.0,105.0
862,Broadway & W 168 St,40.841,-73.94,109.0,112.0
863,34 St & 35 Ave,40.757,-73.926,109.0,119.0
864,48 Ave & 5 St,40.744,-73.956,109.0,113.0
865,35 Ave & 37 St,40.756,-73.924,108.0,107.0
866,Convent Ave & W 135 St,40.818,-73.951,108.0,108.0
867,Devoe St & Morgan Ave,40.714,-73.935,108.0,93.0
868,Adam Clayton Powell Blvd & W 151 St,40.825,-73.936,108.0,105.0
869,Bushwick Ave & Forrest St,40.701,-73.936,107.0,114.0
870,Willoughby St & Ashland Pl,40.692,-73.979,107.0,108.0
871,34th Ave & Vernon Blvd,40.765,-73.94,107.0,103.0
872,28 Ave & 35 St,40.767,-73.917,107.0,112.0
873,E 132 St & Madison Ave,40.81,-73.937,107.0,105.0
874,Morningside Dr & Amsterdam Ave,40.81,-73.957,107.0,105.0
875,Bushwick Ave & Harman St,40.694,-73.925,106.0,106.0
876,Frederick Douglass Blvd & W 129 St,40.813,-73.949,105.0,99.0
877,21 St & 43 Ave,40.751,-73.946,105.0,109.0
878,40 Ave & Crescent St,40.754,-73.938,105.0,106.0
879,Withers St & Kingsland Ave,40.718,-73.941,104.0,85.0
880,W 181 St & Riverside Dr,40.852,-73.942,104.0,100.0
881,36 Ave & 10 St,40.761,-73.941,104.0,103.0
882,Jackson St & Leonard St,40.716,-73.948,104.0,99.0
883,E 123 St & Lexington Ave,40.803,-73.938,102.0,100.0
884,Bushwick Ave & Linden St,40.691,-73.921,102.0,101.0
885,Cedar St & Myrtle Ave,40.698,-73.926,102.0,115.0
886,49 Ave & 21 St,40.743,-73.949,102.0,100.0
887,Stagg St & Morgan Ave,40.711,-73.934,101.0,104.0
888,Grand Concourse & E 161 St,40.827,-73.923,101.0,110.0
889,W 148 St & Amsterdam Ave,40.827,-73.946,101.0,80.0
890,Broadway & Hancock St,40.687,-73.917,101.0,101.0
891,38 Ave & 29 St,40.755,-73.934,101.0,105.0
892,24 Ave & 26 St,40.775,-73.919,100.0,96.0
893,Sullivan Pl & Franklin Ave,40.664,-73.96,100.0,101.0
894,E 138 St & 5 Av,40.814,-73.936,100.0,95.0
895,30 Ave & 41 St,40.763,-73.914,100.0,106.0
896,5 Ave & E 135 St,40.812,-73.938,100.0,107.0
897,W 146 St & Broadway,40.827,-73.95,99.0,102.0
898,34 Ave & 31 St,40.76,-73.927,99.0,89.0
899,Irving Ave & Harman St,40.701,-73.918,99.0,102.0
900,47 Ave & 31 St,40.743,-73.936,99.0,100.0
901,5 Av & W 139 St,40.815,-73.936,99.0,97.0
902,Rockaway Ave & Bainbridge St,40.683,-73.912,98.0,107.0
903,19 St & 24 Ave,40.777,-73.923,98.0,92.0
904,Halsey St & Broadway,40.686,-73.916,98.0,90.0
905,River Ave & E 151 St,40.822,-73.929,98.0,96.0
906,Lexington Ave & E 120 St,40.801,-73.94,97.0,94.0
907,Tompkins Ave & Hopkins St,40.7,-73.947,97.0,104.0
908,43 St & 37 Ave,40.75,-73.92,96.0,91.0
909,10 St & 2 Ave,40.672,-73.994,95.0,114.0
910,W 145 St & Amsterdam Ave,40.825,-73.947,95.0,95.0
911,Broadway & W 160 St,40.836,-73.943,95.0,102.0
912,21 Ave & Crescent St,40.78,-73.912,95.0,93.0
913,Pioneer St & Van Brunt St,40.679,-74.011,94.0,108.0
914,Central Ave & Woodbine St,40.693,-73.916,94.0,95.0
915,Albany Ave & Fulton St,40.68,-73.938,94.0,101.0
916,Windsor Pl & 8 Ave,40.661,-73.983,94.0,85.0
917,Norman St & Wyckoff Ave,40.695,-73.903,93.0,90.0
918,W 129 St & Convent Ave,40.814,-73.953,93.0,99.0
919,3 Ave & 14 St,40.669,-73.993,92.0,90.0
920,St. Nicholas Terrace & Convent Ave,40.821,-73.948,92.0,98.0
921,48 Ave & 31 St,40.741,-73.936,92.0,97.0
922,Ft. Hamilton Pkwy & E 5 St,40.649,-73.977,91.0,87.0
923,Central Ave & Himrod St,40.697,-73.923,91.0,88.0
924,28 Ave & 44 St,40.764,-73.911,91.0,92.0
925,Van Buren St & Broadway,40.692,-73.926,91.0,76.0
926,28 St & 36 Ave,40.757,-73.933,91.0,90.0
927,53 St & 4 Ave,40.645,-74.015,91.0,95.0
928,E 128 St & Madison Ave,40.808,-73.939,91.0,85.0
929,Caton Ave & Argyle Rd,40.65,-73.968,91.0,114.0
930,Bushwick Ave & McKibbin St,40.706,-73.939,90.0,93.0
931,Stanhope St & Fairview Ave,40.71,-73.911,90.0,53.0
932,W 135 St & Lenox Terrace Pl,40.814,-73.939,90.0,99.0
933,Bushwick Ave & Dekalb Ave,40.695,-73.928,89.0,91.0
934,31 Ave & 14 St,40.768,-73.932,88.0,85.0
935,Division Ave & Marcy Ave,40.707,-73.958,88.0,97.0
936,Central Ave & Melrose St,40.701,-73.93,88.0,84.0
937,7 Ave & 20 St,40.659,-73.989,87.0,85.0
938,48 St & 37 Ave,40.752,-73.915,87.0,91.0
939,Ditmars Blvd & 19 St,40.781,-73.918,87.0,87.0
940,Prospect Park W & 20 St,40.657,-73.984,87.0,49.0
941,7 Ave & 41 St,40.647,-74.001,87.0,85.0
942,Lincoln Ave & E 138 St,40.811,-73.927,87.0,99.0
943,W 144 St & Adam Clayton Powell Blvd,40.821,-73.939,86.0,87.0
944,Soissons Landing,40.692,-74.015,86.0,88.0
945,Stockholm St & Wilson Ave,40.699,-73.923,86.0,82.0
946,35 St & 23 Ave,40.773,-73.911,86.0,85.0
947,Carroll St & Washington Ave,40.669,-73.962,86.0,82.0
948,27 Ave & 9 St,40.774,-73.931,86.0,77.0
949,Frederick Douglass Blvd & W 139 St,40.819,-73.945,86.0,94.0
950,Crescent St & 35 Ave,40.76,-73.932,85.0,92.0
951,Jefferson St & Cypress Ave,40.709,-73.922,85.0,85.0
952,Broadway & W 155 St,40.833,-73.946,85.0,78.0
953,24 St & 38 Ave,40.756,-73.937,85.0,86.0
954,Central Ave & Flushing Ave,40.703,-73.933,85.0,79.0
955,30 Ave & 47 St,40.761,-73.91,84.0,78.0
956,Stewart Ave & Johnson Ave,40.709,-73.926,83.0,84.0
957,9 St & 44 Rd,40.75,-73.952,83.0,82.0
958,E 149 St & Morris Ave,40.817,-73.923,83.0,90.0
959,Bradhurst Ave & W 148 St,40.825,-73.942,83.0,74.0
960,Fort Washington Ave & W 173 St,40.845,-73.94,83.0,72.0
961,Riverside Dr & W 145 St,40.827,-73.952,83.0,70.0
962,30 Ave & 21 St,40.77,-73.929,82.0,78.0
963,24 Ave & 29 St,40.773,-73.916,82.0,86.0
964,Carroll St & Franklin Ave,40.668,-73.959,82.0,89.0
965,St Nicholas Ave & W 150 St,40.827,-73.943,82.0,84.0
966,St Nicholas Ave & W 137 St,40.818,-73.948,82.0,83.0
967,Bushwick Ave & Stagg St,40.71,-73.94,81.0,73.0
968,Steinway St & 21 Ave,40.775,-73.904,81.0,74.0
969,31 St & 21 Ave,40.778,-73.908,81.0,87.0
970,Lorimer St & Broadway,40.704,-73.948,81.0,82.0
971,20 Ave & 38 St,40.777,-73.902,81.0,73.0
972,Hamilton Pl & W 138 St,40.822,-73.953,80.0,53.0
973,Madison St & Forest Ave,40.706,-73.902,80.0,62.0
974,Broadway & W 142 St,40.825,-73.952,80.0,70.0
975,4 Ave & 17 St,40.666,-73.993,80.0,80.0
976,Sigourney St & Columbia St,40.673,-74.009,80.0,95.0
977,36 St & Ditmars Blvd,40.774,-73.908,79.0,81.0
978,Knickerbocker Ave & Hancock St,40.694,-73.91,78.0,70.0
979,Park Ave & St Edwards St,40.696,-73.978,78.0,79.0
980,Forest Ave & Summerfield St,40.699,-73.898,78.0,71.0
981,W 165 St & Fort Washington Ave,40.84,-73.943,77.0,81.0
982,34 Ave & 21 St,40.763,-73.934,77.0,68.0
983,Broadway & 12 St,40.767,-73.935,77.0,81.0
984,Clark St & Henry St,40.698,-73.993,76.0,66.0
985,62 St & Northern Blvd,40.754,-73.9,76.0,70.0
986,35 Ave & 10 St,40.763,-73.94,76.0,74.0
987,16th St & 4th Ave,40.666,-73.992,76.0,86.0
988,36 St & 3 Ave,40.656,-74.007,76.0,76.0
989,Commerce St & Van Brunt St,40.681,-74.009,75.0,88.0
990,5 Ave & 41 St,40.65,-74.005,74.0,81.0
991,Jefferson Ave & Evergreen Ave,40.69,-73.915,74.0,83.0
992,Grand Concourse & E 166 St,40.832,-73.92,73.0,71.0
993,Prospect Park SW & Greenwood Ave,40.653,-73.973,73.0,72.0
994,45 St & 4 Ave,40.649,-74.009,73.0,80.0
995,5 St & 51 Ave,40.742,-73.957,73.0,75.0
996,Fort Washington Ave & W 183 St,40.852,-73.938,73.0,71.0
997,Yankee Ferry Terminal,40.687,-74.017,72.0,67.0
998,Amsterdam Ave & W 136 St,40.82,-73.952,72.0,63.0
999,Coffey St & Ferris St,40.678,-74.017,72.0,83.0
1000,Central Ave & Weirfield St,40.691,-73.912,71.0,74.0
1001,Plaza Dr & W 170 St,40.84,-73.918,71.0,75.0
1002,35 St & 34 Ave,40.758,-73.924,71.0,71.0
1003,Willis Ave & E 137 St,40.808,-73.924,70.0,67.0
1004,4 Ave & 26 St,40.66,-73.999,70.0,81.0
1005,Irving Ave & Halsey St,40.695,-73.907,70.0,67.0
1006,W 133 St & 12 Ave,40.82,-73.959,70.0,76.0
1007,Vernon Blvd & 41 Rd,40.755,-73.949,69.0,75.0
1008,Broadway & W 185 St,40.853,-73.934,68.0,63.0
1009,Crescent St & Ditmars Blvd,40.779,-73.915,68.0,64.0
1010,E 118 St & Park Ave,40.801,-73.942,68.0,74.0
1011,37 St & 24 Ave,40.77,-73.912,67.0,73.0
1012,Ocean Pkwy & Church Ave,40.645,-73.975,67.0,66.0
1013,Isham St & Broadway,40.868,-73.92,67.0,67.0
1014,40 Ave & 9 St,40.757,-73.945,67.0,79.0
1015,34 St & 38 Ave,40.752,-73.93,67.0,70.0
1016,38 St & Northern Blvd,40.752,-73.925,66.0,63.0
1017,Willoughby Ave & Onderdonk Ave,40.71,-73.917,66.0,67.0
1018,W 160 St & St. Nicholas Ave,40.834,-73.94,66.0,48.0
1019,11 St & 43 Ave,40.752,-73.948,65.0,69.0
1020,Riverside Dr & W 148 St,40.829,-73.95,65.0,64.0
1021,Green St & McGuinness Blvd,40.734,-73.952,65.0,64.0
1022,7 Ave & 40 St,40.648,-74.0,65.0,30.0
1023,23 Ave & 27 St,40.776,-73.915,64.0,67.0
1024,Menahan St & Central Ave,40.695,-73.92,64.0,66.0
1025,Kent St & McGuinness Blvd,40.731,-73.952,64.0,74.0
1026,Madison St & Woodward Ave,40.704,-73.904,64.0,54.0
1027,Ditmars Blvd & 43 St,40.771,-73.904,64.0,59.0
1028,34 Ave & 48 St,40.754,-73.915,64.0,65.0
1029,Riverside Dr & Broadway,40.865,-73.928,63.0,67.0
1030,Riverside Dr & W 153 St,40.832,-73.95,63.0,77.0
1031,Pinehurst Ave & W 187 St,40.855,-73.938,63.0,47.0
1032,Suydam St & St. Nicholas Ave,40.706,-73.919,63.0,76.0
1033,Coffey St & Conover St,40.677,-74.016,63.0,87.0
1034,21 St & 36 Ave,40.76,-73.936,63.0,63.0
1035,Lenox Ave & W 144 St,40.82,-73.937,63.0,68.0
1036,Greene Ave & Grandview Ave,40.71,-73.908,62.0,48.0
1037,Anthony Ave & E Tremont Ave,40.849,-73.903,62.0,52.0
1038,Grand Concourse & E 167 St,40.834,-73.918,62.0,62.0
1039,Bridge St & York St,40.701,-73.985,62.0,63.0
1040,W 225 St & Exterior St,40.873,-73.907,62.0,74.0
1041,Shore Blvd & Astoria Park,40.78,-73.923,62.0,69.0
1042,44 St & 6 Ave,40.647,-74.004,61.0,30.0
1043,Steinway St & Ditmars Blvd,40.773,-73.906,61.0,61.0
1044,Lexington Ave & E 127 St,40.806,-73.936,61.0,67.0
1045,Grand Concourse & E 164 St,40.83,-73.921,61.0,62.0
1046,St. Nicholas Ave & W 157 St,40.832,-73.941,61.0,38.0
1047,Amsterdam Ave & W 152 St,40.83,-73.944,60.0,57.0
1048,Madison St & Evergreen Ave,40.691,-73.917,59.0,60.0
1049,Woodward Ave & Harman St,40.708,-73.911,59.0,48.0
1050,Knickerbocker Ave & Halsey St,40.693,-73.908,59.0,57.0
1051,43 St & Broadway,40.758,-73.917,59.0,57.0
1052,Sherman Ave & Thayer St,40.863,-73.927,59.0,60.0
1053,Ft. Hamilton Pkwy & E 2 St,40.648,-73.979,58.0,63.0
1054,Hart St & Wyckoff Ave,40.705,-73.92,58.0,64.0
1055,Nagle Ave & Thayer St,40.861,-73.926,58.0,58.0
1056,Frost St & Debevoise Ave,40.719,-73.939,58.0,63.0
1057,Irving Ave & Palmetto St,40.698,-73.913,58.0,67.0
1058,53 St & 2 Ave,40.647,-74.019,58.0,56.0
1059,W 147 St & Adam Clayton Powell Blvd,40.823,-73.937,58.0,69.0
1060,Menahan St & Onderdonk Ave,40.706,-73.91,57.0,40.0
1061,Amsterdam Ave & W 162 St,40.836,-73.94,57.0,58.0
1062,Flushing Ave & Woodward Ave,40.712,-73.919,57.0,59.0
1063,E 170 St & Webster Ave,40.836,-73.907,57.0,49.0
1064,E 161 St & Park Ave,40.825,-73.916,57.0,67.0
1065,Lenox Ave & W 146 St,40.821,-73.936,56.0,64.0
1066,Putnam Ave & Wyckoff Ave,40.698,-73.909,56.0,54.0
1067,Sullivan Pl & Bedford Ave,40.664,-73.957,56.0,61.0
1068,Wilson Ave & Moffat St,40.689,-73.905,55.0,51.0
1069,Harman St & Seneca Ave,40.706,-73.913,55.0,51.0
1070,46 St & 30 Rd,40.761,-73.911,55.0,48.0
1071,Linden St & Knickerbocker Ave,40.697,-73.916,54.0,53.0
1072,Lincoln Ave & E 134 St,40.808,-73.929,54.0,64.0
1073,Hamilton Pl & W 140 St,40.823,-73.951,54.0,51.0
1074,Alexander Ave & E 134 St,40.807,-73.927,53.0,57.0
1075,Park Ave & E 162 St,40.826,-73.916,53.0,54.0
1076,E 147 St & Bergen Ave,40.815,-73.918,53.0,47.0
1077,7 Ave & 22 St,40.658,-73.99,53.0,32.0
1078,Menahan St & Seneca Ave,40.705,-73.911,53.0,47.0
1079,Montgomery St & Franklin Ave,40.666,-73.961,52.0,48.0
1080,Walker St & Baxter St,40.717,-74.0,52.0,99.0
1081,24 St & 5 Ave,40.66,-73.995,52.0,51.0
1082,Hancock St & Wyckoff Ave,40.697,-73.907,52.0,51.0
1083,Madison St & Cypress Ave,40.701,-73.907,52.0,52.0
1084,Onderdonk Ave & Dekalb Ave,40.709,-73.915,52.0,52.0
1085,Flatbush Ave & Eastern Pkwy,40.669,-73.966,52.0,39.0
1086,49 St & 31 Ave,40.758,-73.91,51.0,49.0
1087,Richards St & Delavan St,40.679,-74.008,51.0,61.0
1088,Washington Ave & E 163 St,40.824,-73.911,51.0,53.0
1089,Broadway & W 192 St,40.858,-73.932,51.0,53.0
1090,Jerome Ave & W Fordham Rd,40.863,-73.901,51.0,57.0
1091,Stuyvesant Walk & 1 Av Loop,40.732,-73.979,51.0,45.0
1092,Willis Ave & E 141 St,40.811,-73.922,51.0,52.0
1093,Sunken Meadow Comfort Station,40.796,-73.919,51.0,74.0
1094,46 St & 28 Ave,40.763,-73.909,50.0,54.0
1095,Putnam Ave & Knickerbocker Ave,40.695,-73.912,50.0,50.0
1096,Dahill Rd & 12 Ave,40.646,-73.981,50.0,59.0
1097,W 171 St & St. Nicholas Ave,40.843,-73.939,50.0,31.0
1098,43 St & 35 Ave,40.754,-73.92,49.0,58.0
1099,Macombs Pl & W 152 St,40.826,-73.938,49.0,53.0
1100,2 Ave & 36 St,40.657,-74.009,49.0,64.0
1101,55 St & 7 Ave,40.64,-74.009,49.0,38.0
1102,Amsterdam Ave & W 167 St,40.839,-73.937,49.0,42.0
1103,Steinway St & 23 Ave,40.771,-73.908,49.0,56.0
1104,Dyckman St & Staff St,40.869,-73.932,49.0,53.0
1105,Broadway & 51 St,40.754,-73.909,48.0,53.0
1106,E 149 St & Park Ave,40.818,-73.925,48.0,50.0
1107,30 St & 4 Ave,40.658,-74.001,48.0,58.0
1108,3 Ave & E 163 St,40.824,-73.909,47.0,43.0
1109,34 St & 4 Ave,40.655,-74.003,47.0,64.0
1110,Menahan St & Wyckoff Ave,40.701,-73.914,47.0,41.0
1111,Willis Ave & Bruckner Blvd,40.806,-73.925,47.0,53.0
1112,Newton Rd & 44 St,40.76,-73.914,47.0,49.0
1113,E Tremont Ave & E 176 St,40.848,-73.902,47.0,58.0
1114,37 Ave & 35 St,40.753,-73.928,47.0,47.0
1115,Courtlandt Ave & E 149 St,40.816,-73.92,47.0,48.0
1116,21 St & 23 Ave,40.779,-73.919,47.0,41.0
1117,Westchester Ave & Longwood Ave,40.82,-73.901,46.0,49.0
1118,Knickerbocker Ave & Cooper St,40.691,-73.904,46.0,51.0
1119,Willis Ave & E 143 St,40.812,-73.92,46.0,47.0
1120,50 St & 30 Ave,40.76,-73.907,46.0,46.0
1121,31 Rd & 21 St,40.767,-73.93,46.0,44.0
1122,Seaman Ave & Isham St,40.87,-73.921,46.0,47.0
1123,E 157 St & River Ave,40.826,-73.927,46.0,40.0
1124,Westchester Ave & E 156 St,40.818,-73.905,46.0,49.0
1125,Ogden Ave & W 165 St,40.834,-73.928,46.0,32.0
1126,Grand Concourse & E 144 St,40.817,-73.928,46.0,49.0
1127,Caton Ave & E 7 St,40.648,-73.974,45.0,68.0
1128,23 Rd & 31 St,40.773,-73.914,45.0,46.0
1129,E 167 St & Clay Ave,40.831,-73.911,45.0,43.0
1130,41 St & 4 Ave,40.651,-74.007,45.0,45.0
1131,E 188 St & Creston Ave,40.862,-73.899,45.0,50.0
1132,67 St & Ridge Blvd,40.639,-74.027,45.0,45.0
1133,21 St & 21 Ave,40.782,-73.915,45.0,47.0
1134,Morris Ave & E 142 St,40.814,-73.925,45.0,47.0
1135,Van Sinderen Ave & Truxton St,40.679,-73.904,44.0,33.0
1136,Central Ave & Decatur St,40.688,-73.908,44.0,42.0
1137,Seaman Ave & Beak St,40.868,-73.926,44.0,53.0
1138,Grant Ave & E 169 St,40.836,-73.914,44.0,45.0
1139,10 Ave & W 207 St,40.865,-73.919,44.0,63.0
1140,59 St & 4 Ave,40.641,-74.018,44.0,46.0
1141,E 8 St & Caton Ave,40.648,-73.972,44.0,45.0
1142,Home St & Westchester Ave,40.828,-73.887,44.0,47.0
1143,Walton Ave & E 171 St,40.841,-73.915,44.0,46.0
1144,Jerome Ave & Bedford Park Blvd E,40.873,-73.89,43.0,38.0
1145,Columbia St & W 9 St,40.677,-74.006,43.0,55.0
1146,Washington Ave & E 167 St,40.83,-73.908,43.0,40.0
1147,Amsterdam Ave & W 156 St,40.832,-73.942,43.0,31.0
1148,21 St & 38 Ave,40.758,-73.939,43.0,23.0
1149,W 190 St & Broadway,40.856,-73.933,43.0,41.0
1150,Westchester Ave & Jackson Ave,40.816,-73.908,43.0,44.0
1151,Grand Concourse & E 192 St,40.864,-73.895,43.0,39.0
1152,St. Nicholas Ave & W 155 St,40.831,-73.941,42.0,47.0
1153,W 155 St & Frederick Douglass Blvd,40.829,-73.937,42.0,48.0
1154,E 153 St & E 157 St,40.827,-73.929,42.0,50.0
1155,Myrtle Ave & Linden St,40.699,-73.913,42.0,50.0
1156,Central Ave & Covert St,40.689,-73.91,42.0,47.0
1157,Sherman Ave & E 166 St,40.831,-73.917,41.0,39.0
1158,E 138 St & Canal St W,40.812,-73.929,41.0,44.0
1159,River Ave & E 153 St,40.824,-73.928,41.0,44.0
1160,Albemarle Rd & McDonald Ave,40.645,-73.98,41.0,41.0
1161,Jerome Ave & E Mosholu Parkway S,40.879,-73.885,41.0,47.0
1162,Morgan Ave & Maspeth Ave,40.717,-73.936,41.0,37.0
1163,Webster Ave & Ford St,40.856,-73.896,41.0,40.0
1164,Amsterdam Ave & W 175 St,40.844,-73.934,41.0,21.0
1165,Caton Ave & E 10 St,40.648,-73.971,40.0,40.0
1166,Morris Ave & McClellan St,40.832,-73.915,40.0,42.0
1167,34 Ave & 45 St,40.755,-73.917,40.0,43.0
1168,Moffat St & Bushwick,40.685,-73.909,40.0,33.0
1169,Harrison Pl & Porter Ave,40.707,-73.929,40.0,66.0
1170,Broadway & W 220 St,40.872,-73.913,40.0,37.0
1171,St Ann's Ave & Westchester Ave,40.816,-73.912,40.0,43.0
1172,Brook Ave & E 141 St,40.81,-73.918,40.0,29.0
1173,W 159 St & Edgecombe Ave,40.833,-73.939,40.0,25.0
1174,Jerome Ave & Ogden Ave,40.83,-73.931,40.0,38.0
1175,St. Ann's Ave & E 144 St,40.811,-73.915,40.0,40.0
1176,Greenwood Ave & E 4 St,40.651,-73.978,39.0,47.0
1177,E 156 & Brook Ave,40.82,-73.912,39.0,45.0
1178,Amsterdam Ave & W 131 St,40.816,-73.954,39.0,40.0
1179,3 Ave & E 169 St,40.833,-73.905,39.0,47.0
1180,Brook Ave & E 138 St,40.807,-73.919,39.0,47.0
1181,Franklin Ave & E 169 St,40.832,-73.902,39.0,36.0
1182,Harlem River Dr & W 155 St,40.83,-73.94,38.0,33.0
1183,Clinton St & Centre St,40.674,-74.002,38.0,39.0
1184,Grand Concourse & East Mount Eden Ave,40.843,-73.912,38.0,42.0
1185,White St & Johnson Ave,40.707,-73.936,38.0,37.0
1186,Bulova Ave & Brooklyn Queens Expressway W,40.763,-73.903,38.0,30.0
1187,E 138 St & Cypress Ave,40.806,-73.915,38.0,41.0
1188,Prospect Ave & E 167 St,40.826,-73.899,38.0,43.0
1189,4 Ave & Shore Road Dr,40.637,-74.022,38.0,39.0
1190,Dwight St & Van Dyke St,40.674,-74.012,37.0,47.0
1191,Wadsworth Ave & W 175 St,40.846,-73.938,37.0,38.0
1192,Amsterdam Ave & W 183 St,40.849,-73.93,37.0,38.0
1193,3 Ave & E 174 St - Bathgate Vaccination Site,40.842,-73.898,37.0,36.0
1194,Southern Blvd & E 175 St,40.839,-73.886,37.0,35.0
1195,E 150 St & Gerard Ave,40.82,-73.929,37.0,36.0
1196,Metropolitan Ave & Stewart Ave,40.714,-73.928,37.0,53.0
1197,Eldert St & Bushwick Ave,40.687,-73.913,37.0,42.0
1198,Hoyt St & Warren St,40.684,-73.989,37.0,40.0
1199,Picnic Point,40.685,-74.025,36.0,39.0
1200,43 St & 23 Ave,40.77,-73.906,36.0,32.0
1201,46 St & 7 Ave,40.645,-74.004,36.0,35.0
1202,Nagle Ave & Ellwood St,40.86,-73.928,35.0,37.0
1203,Lexington Ave & E 128 St,40.806,-73.936,35.0,37.0
1204,Bronx Shore Comfort Station,40.8,-73.924,35.0,32.0
1205,Edgecombe Ave & W 167 St,40.838,-73.936,35.0,30.0
1206,Walton Ave & E 153 St,40.822,-73.927,35.0,32.0
1207,E 149 St & Jackson Ave,40.813,-73.909,34.0,33.0
1208,Southern Blvd & E 174 St,40.837,-73.888,34.0,40.0
1209,W 204 St & Vermilyea Ave,40.866,-73.923,34.0,37.0
1210,Prospect Ave & Vanderbilt St,40.653,-73.976,34.0,34.0
1211,50 St & Northern Blvd,40.753,-73.912,34.0,39.0
1212,E Burnside Ave & Ryer Ave,40.851,-73.901,34.0,33.0
1213,Botanical Sq & Webster Ave,40.868,-73.881,34.0,52.0
1214,Bruckner Blvd & Bryant Ave,40.822,-73.889,34.0,34.0
1215,Concourse Village East & E 158 St,40.824,-73.919,33.0,32.0
1216,W 163 St & Riverside Dr,40.839,-73.945,33.0,31.0
1217,St Mary's St & Jackson Ave,40.809,-73.911,33.0,27.0
1218,Bay St & Court St,40.671,-74.001,33.0,40.0
1219,Gerard Ave & E 146 St,40.818,-73.93,33.0,38.0
1220,Onderdonk Ave & Gates Ave,40.704,-73.907,33.0,37.0
1221,Freeman St & Southern Blvd,40.83,-73.892,33.0,31.0
1222,Pioneer St & Richards St,40.678,-74.009,33.0,38.0
1223,Westchester Ave & Southern Blvd,40.825,-73.892,33.0,31.0
1224,19 St & 8 Ave,40.658,-73.986,32.0,17.0
1225,Broadway & W 165 St,40.839,-73.941,32.0,31.0
1226,12 Ave & 36 St,40.644,-73.986,32.0,33.0
1227,Morris Ave & E 163 St,40.827,-73.918,32.0,37.0
1228,W Fordham Rd & Loring Pl N,40.863,-73.907,32.0,17.0
1229,Wolcott St & Dwight St,40.675,-74.01,32.0,29.0
1230,Grand Concourse & E Mosholu Pkwy S,40.878,-73.885,32.0,29.0
1231,Grand Concourse & E 156 St,40.823,-73.925,32.0,35.0
1232,34 St & 5 Ave,40.654,-74.001,32.0,40.0
1233,Railroad Ave & Kay Ave,40.705,-73.971,32.0,31.0
1234,46 St & 25 Ave,40.766,-73.907,32.0,29.0
1235,5 Ave & 66 St,40.636,-74.02,32.0,24.0
1236,Brook Ave & E 148 St,40.814,-73.915,32.0,35.0
1237,Paul Ave & W 205 St,40.877,-73.889,31.0,38.0
1238,W 140 St & Riverside Dr,40.824,-73.955,31.0,32.0
1239,Valentine Ave & E 181 St,40.854,-73.899,31.0,29.0
1240,Audobon Ave & W 179 St,40.847,-73.933,31.0,29.0
1241,E 141 St & St Ann's Ave,40.809,-73.916,31.0,42.0
1242,Convent Ave & W 151 St,40.828,-73.943,31.0,20.0
1243,48 St & 5 Ave,40.646,-74.009,31.0,22.0
1244,E 144 St & Brook Ave,40.812,-73.917,31.0,27.0
1245,Amsterdam Ave & W 186 St,40.851,-73.929,31.0,21.0
1246,Church Ave & Story St,40.642,-73.981,31.0,38.0
1247,Henry St & W 9 St,40.676,-74.003,31.0,34.0
1248,Henry St & Bay St,40.673,-74.005,31.0,34.0
1249,5 Ave & 37 St,40.653,-74.002,31.0,24.0
1250,Dyckman St & Henshaw St,40.867,-73.929,31.0,29.0
1251,E 170 St & Sheridan Ave,40.838,-73.913,31.0,18.0
1252,Prospect Ave & E 151 St,40.814,-73.904,30.0,32.0
1253,58 St & 2 Ave - Brooklyn Army Terminal Vaccination Site,40.645,-74.022,30.0,38.0
1254,Grand Concourse & E 171 St,40.84,-73.913,30.0,29.0
1255,Myrtle Ave & Grove St,40.699,-73.915,30.0,37.0
1256,31 Ave & 57 St,40.757,-73.905,30.0,31.0
1257,Ditmars Blvd & 79 St,40.769,-73.891,30.0,33.0
1258,Madison St & Seneca Ave,40.702,-73.906,30.0,31.0
1259,3 Ave & E 170 St,40.835,-73.904,30.0,34.0
1260,Goulden Ave & W 205 St,40.878,-73.892,30.0,32.0
1261,51 St & Hobart St,40.758,-73.908,30.0,33.0
1262,E 171 St & 3 Ave,40.837,-73.902,30.0,29.0
1263,Jerome Ave & W 195 St,40.869,-73.897,30.0,25.0
1264,31 Ave & 61 St,40.758,-73.902,29.0,34.0
1265,Broadway & W 153 St,40.831,-73.947,29.0,29.0
1266,E 135 St & St Ann's Ave,40.805,-73.919,29.0,28.0
1267,E 149 St & Eagle Ave,40.814,-73.912,29.0,22.0
1268,E 163 St & Union Ave,40.823,-73.902,29.0,27.0
1269,Goble Pl & Macombs Rd,40.844,-73.917,29.0,29.0
1270,Goulden Ave & W 197 St,40.872,-73.897,29.0,28.0
1271,Popham Ave & W 174 St,40.848,-73.922,29.0,19.0
1272,Shakespeare Ave & W 169 St,40.839,-73.922,28.0,27.0
1273,W Mosholu Pkwy S & Sedgwick Ave,40.882,-73.887,28.0,22.0
1274,W 176 St & Montgomery Ave,40.85,-73.919,28.0,24.0
1275,E 167 St & Franklin Ave,40.829,-73.905,28.0,20.0
1276,Longwood Ave & Southern Blvd,40.816,-73.896,28.0,20.0
1277,E 138 St & Grand Concourse,40.813,-73.931,28.0,35.0
1278,Centre St & Seneca Ave,40.7,-73.902,28.0,26.0
1279,Broadway & Ellwood St,40.862,-73.93,28.0,27.0
1280,Beck St & Leggett Ave,40.815,-73.9,28.0,33.0
1281,W 190 St & St. Nicholas Ave,40.855,-73.93,28.0,32.0
1282,Southern Blvd & E 149 St,40.812,-73.904,28.0,34.0
1283,Broadway & Furman Ave,40.681,-73.908,27.0,27.0
1284,Loring Pl North & W 183 St,40.86,-73.909,27.0,25.0
1285,57 St & 4 Ave,40.643,-74.017,27.0,20.0
1286,Goulden Ave & Bedford Park Blvd W,40.874,-73.895,27.0,34.0
1287,35 St & 21 Ave,40.777,-73.907,27.0,26.0
1288,Old Broadway & W 133 St,40.818,-73.955,27.0,18.0
1289,Grand Concourse & E 199 St,40.871,-73.888,27.0,25.0
1290,W 163 St & Edgecombe Ave,40.836,-73.937,27.0,20.0
1291,Tiebout Ave & E Fordham Road,40.862,-73.895,27.0,26.0
1292,Broadway & W 48 St,40.76,-73.985,27.0,14.0
1293,Grand Concourse & E 196 St,40.868,-73.893,27.0,24.0
1294,Margaret Corbin Plz & Ft Washington Ave,40.859,-73.934,27.0,27.0
1295,3 Ave & Franklin Ave,40.827,-73.907,27.0,33.0
1296,Crotona Park North & Prospect Ave,40.841,-73.892,27.0,34.0
1297,20 Ave & 42 St,40.775,-73.9,27.0,29.0
1298,E 169 St & Webster Ave,40.834,-73.909,27.0,19.0
1299,W 218 St & Broadway,40.871,-73.914,26.0,29.0
1300,39 St & 2 Ave,40.655,-74.011,26.0,24.0
1301,Melrose Ave & E 154 St,40.82,-73.916,26.0,23.0
1302,St. Ann's Av & Bruckner Blvd,40.803,-73.92,26.0,26.0
1303,67 St & Erik Pl,40.633,-74.017,26.0,34.0
1304,E 158 St & Melrose Ave,40.822,-73.915,26.0,27.0
1305,Metropolitan Ave & Vandervoort Ave,40.714,-73.933,26.0,27.0
1306,Morris Ave & E 153 St,40.82,-73.921,26.0,22.0
1307,Cabrini Blvd & W 177 St,40.848,-73.941,26.0,28.0
1308,20 Ave & 31 St,40.78,-73.907,26.0,23.0
1309,Broadway & 49 St,40.755,-73.912,25.0,22.0
1310,Amsterdam Ave & W 189 St,40.853,-73.927,25.0,25.0
1311,Nelson Ave & 167 St,40.837,-73.926,25.0,15.0
1312,50 St & 7 Ave,40.643,-74.006,25.0,27.0
1313,Bergen Ave & E 152 St,40.817,-73.915,25.0,26.0
1314,Grand Concourse & E 205 St,40.876,-73.886,25.0,22.0
1315,Ft. Washington Ave & W 190 St,40.857,-73.936,25.0,23.0
1316,34 Ave & 13 St,40.764,-73.936,25.0,32.0
1317,E 156 St & Courtlandt Ave,40.821,-73.917,25.0,26.0
1318,Jerome Ave & W 193 St,40.867,-73.898,24.0,21.0
1319,Steinway St & 19 Ave,40.778,-73.9,24.0,21.0
1320,21 Ave & Shore Blvd,40.784,-73.917,24.0,33.0
1321,Bushwick Ave & Furman Ave,40.683,-73.906,24.0,25.0
1322,Frederick Douglass Blvd & Harlem River Dr,40.831,-73.936,24.0,34.0
1323,W Tremont Ave & Montgomery Ave,40.852,-73.916,24.0,26.0
1324,E 3 St & Church Ave,40.644,-73.977,24.0,20.0
1325,Cedar Ave & W Fordham Rd,40.862,-73.912,24.0,21.0
1326,Prospect Ave & Greenwood Ave,40.652,-73.976,24.0,35.0
1327,Fulton Ave & E 172 St,40.839,-73.899,24.0,29.0
1328,Chester Ave & 12 Ave,40.644,-73.984,24.0,24.0
1329,Cauldwell Ave & E 158 St,40.82,-73.908,24.0,26.0
1330,Jerome Ave & E 164 St,40.831,-73.926,24.0,26.0
1331,E 174 St & Longfellow Ave,40.836,-73.884,23.0,16.0
1332,Anderson Ave & W 164 St,40.832,-73.927,23.0,25.0
1333,58 St & Pier 4,40.646,-74.026,23.0,28.0
1334,Halsey St & Evergreen Ave,40.689,-73.912,23.0,29.0
1335,Hazen St & 20 Ave,40.772,-73.895,23.0,24.0
1336,Audubon Ave & Fort George Ave,40.857,-73.927,23.0,12.0
1337,Fulton Ave & St. Paul's Pl,40.835,-73.902,23.0,23.0
1338,E 138 St & Willow Ave,40.804,-73.912,23.0,20.0
1339,Tiebout Ave & E 184 St,40.858,-73.896,22.0,18.0
1340,W 170 St & University Ave,40.842,-73.926,22.0,28.0
1341,Morris Ave & E Burnside Ave,40.853,-73.905,22.0,24.0
1342,Church Ave & McDonald Ave,40.643,-73.979,22.0,21.0
1343,Macombs Rd & W 175 St,40.848,-73.916,22.0,21.0
1344,Webster Ave & E 166 St,40.829,-73.911,22.0,29.0
1345,23 St & 3 Ave,40.663,-73.999,22.0,22.0
1346,Willow Ave & E 133 St,40.801,-73.914,22.0,27.0
1347,E 142 St & 3 Ave,40.813,-73.924,22.0,20.0
1348,53 St & 5 Ave,40.643,-74.012,22.0,23.0
1349,Grand Concourse & E 203 St,40.874,-73.887,22.0,16.0
1350,W Burnside Ave & University Ave,40.854,-73.912,22.0,24.0
1351,20 Ave & 21 St,40.784,-73.912,22.0,17.0
1352,McDonald Ave & Vanderbilt St,40.652,-73.981,22.0,24.0
1353,21 Ave & 80 St,40.771,-73.89,22.0,21.0
1354,3 Ave & 17 St,40.666,-73.996,21.0,26.0
1355,W 192 St & University Ave,40.867,-73.902,21.0,22.0
1356,Cypress Ave & Palmetto St,40.702,-73.909,21.0,14.0
1357,University Ave & W Burnside Ave,40.855,-73.911,21.0,18.0
1358,W 186 St & St. Nicholas Ave,40.852,-73.931,21.0,19.0
1359,W 218 St & Indian Rd,40.873,-73.918,21.0,16.0
1360,Bainbridge Ave & E 198 St,40.868,-73.888,21.0,20.0
1361,Ditmars Blvd & 73 St,40.768,-73.896,21.0,23.0
1362,Ogden Ave & W 164 St,40.833,-73.929,21.0,27.0
1363,Aqueduct Ave & W 190 St,40.865,-73.902,21.0,14.0
1364,27 Ave & 3 St,40.775,-73.934,21.0,24.0
1365,76 St & 21 Ave,40.77,-73.894,21.0,20.0
1366,Dyckman St & 10 Ave,40.859,-73.923,21.0,23.0
1367,29 St & 5 Ave,40.657,-73.998,21.0,20.0
1368,2 Ave & 32 St,40.659,-74.007,21.0,39.0
1369,Boone Ave & E 172 St,40.833,-73.885,21.0,24.0
1370,6 Ave & 60 St,40.638,-74.014,21.0,26.0
1371,E 128 St & 3 Ave,40.806,-73.934,21.0,23.0
1372,Union Ave & E 169 St,40.83,-73.899,21.0,19.0
1373,Intervale Ave & Westchester Ave,40.822,-73.897,21.0,18.0
1374,Brook Ave & E 157 St,40.821,-73.912,20.0,23.0
1375,Ditmars Blvd & 48 St,40.769,-73.901,20.0,17.0
1376,Tinton Ave & E 165 St,40.825,-73.902,20.0,18.0
1377,47 Ave & Skillman Ave,40.744,-73.942,20.0,21.0
1378,Bainbridge Ave & Bedford Park Blvd,40.87,-73.886,20.0,20.0
1379,Gerard Ave & E 165 St,40.832,-73.922,20.0,26.0
1380,Walton Ave & E 168 St,40.836,-73.918,20.0,20.0
1381,Andrews Ave S & W 179 St,40.855,-73.913,20.0,13.0
1382,Sheridan Ave & E 172 St,40.84,-73.911,19.0,17.0
1383,Bedford Park Blvd & Paul Ave,40.874,-73.892,19.0,18.0
1384,46 St & 6 Ave,40.646,-74.006,19.0,19.0
1385,Townsend Ave & E 175 St,40.847,-73.911,19.0,20.0
1386,Concourse Village West & E 156 St,40.823,-73.923,19.0,16.0
1387,Prospect Ave & Longwood Ave,40.819,-73.902,19.0,17.0
1388,Fairview Ave & Linden St,40.707,-73.906,19.0,15.0
1389,Amsterdam Ave & W 180 St,40.847,-73.931,19.0,16.0
1390,Featherbed Ln & Nelson Ave,40.846,-73.92,19.0,20.0
1391,Lafayette Ave & Hunts Point Ave,40.817,-73.888,19.0,20.0
1392,10 Ave & W 204 St,40.863,-73.92,19.0,22.0
1393,E 165 St & Clay Ave,40.828,-73.913,18.0,21.0
1394,Walnut Ave & E 136 St,40.802,-73.91,18.0,18.0
1395,42 St & 1 Ave,40.655,-74.014,18.0,29.0
1396,Weeks Ave & E 175 St,40.847,-73.907,18.0,20.0
1397,55 St & 5 Ave,40.642,-74.013,18.0,16.0
1398,Nelson Ave & W 172 St,40.844,-73.921,18.0,17.0
1399,E 201 St & Briggs Ave,40.872,-73.885,18.0,19.0
1400,Creston Ave & E 181 St,40.855,-73.903,18.0,16.0
1401,Grand Concourse & E 197 St,40.869,-73.891,18.0,19.0
1402,W 212 St & 10 Ave,40.868,-73.917,18.0,13.0
1403,Boston Rd & E 167 St,40.828,-73.904,17.0,21.0
1404,Intervale Ave & Kelly St,40.827,-73.896,17.0,20.0
1405,University Ave & Brandt Pl,40.848,-73.918,17.0,20.0
1406,Gerard Ave & E 164 St,40.83,-73.923,17.0,25.0
1407,Paul Ave & Mosholu Pkwy,40.88,-73.886,17.0,17.0
1408,Southern Blvd & Avenue St. John,40.813,-73.902,17.0,21.0
1409,Cypress Ave & George St,40.698,-73.903,17.0,18.0
1410,Webb Ave & W 190 St,40.866,-73.904,17.0,12.0
1411,Wales Ave & E 147 St,40.811,-73.908,17.0,20.0
1412,Sheridan Ave & E 168 St,40.835,-73.915,16.0,16.0
1413,Clay Ave & E 173 St,40.843,-73.905,16.0,17.0
1414,20 Ave & Shore Blvd,40.786,-73.915,16.0,6.0
1415,3 Ave & E 172 St,40.84,-73.9,16.0,14.0
1416,Dawson St & Intervale Ave,40.82,-73.897,16.0,13.0
1417,Wilkins Ave & Crotona Park E,40.835,-73.895,16.0,15.0
1418,Hoe Ave & Jennings St,40.832,-73.89,16.0,12.0
1419,River Ave & McClellan St,40.834,-73.922,15.0,15.0
1420,E Tremont Ave & Jerome Ave,40.852,-73.909,15.0,20.0
1421,Louis Nine Blvd & Intervale Ave,40.832,-73.893,15.0,12.0
1422,Jerome Ave & Anderson Ave,40.83,-73.929,15.0,18.0
1423,University Ave & Macombs Rd,40.85,-73.916,15.0,15.0
1424,Ryer Ave & E 182 St,40.856,-73.9,15.0,14.0
1425,Hunts Point Ave & Bryant Ave,40.814,-73.886,15.0,15.0
1426,Sedgwick Ave & W Tremont Ave,40.853,-73.918,15.0,12.0
1427,44 St & 3 Ave,40.651,-74.011,15.0,15.0
1428,Marion Ave & Mosholu Pkwy,40.87,-73.882,15.0,17.0
1429,W 34 St & Hudson Blvd E,40.755,-74.001,15.0,7.0
1430,W 204 St & Nagle Ave,40.863,-73.921,15.0,17.0
1431,Decatur Ave & Bedford Park Blvd,40.868,-73.884,15.0,12.0
1432,Amsterdam Ave & W 172 St,40.842,-73.935,15.0,22.0
1433,52 St & 1 Ave,40.649,-74.02,15.0,19.0
1434,Grand Ave & W 181 St,40.856,-73.907,15.0,17.0
1435,Grand Ave & W Fordham Rd,40.863,-73.903,15.0,11.0
1436,Boston Rd & Prospect Ave,40.833,-73.897,14.0,16.0
1437,Davidson Ave & W Burnside Ave,40.854,-73.909,14.0,15.0
1438,Jerome Ave & E 181 St,40.856,-73.906,14.0,15.0
1439,44 St & 2 Ave,40.653,-74.014,14.0,15.0
1440,Washington Ave & E 174 St,40.843,-73.9,14.0,12.0
1441,47 St & 3 Ave,40.649,-74.012,14.0,13.0
1442,University Ave & W 168 St,40.839,-73.927,13.0,14.0
1443,Grand Concourse & E 175 St,40.846,-73.909,13.0,8.0
1444,59 St & 5 Ave,40.64,-74.016,13.0,16.0
1445,58 St & 32 Ave,40.756,-73.903,13.0,15.0
1446,Faile St & Garrison Ave,40.821,-73.888,13.0,11.0
1447,E 169 St & Fox St,40.827,-73.894,13.0,12.0
1448,62 St & 4 Ave,40.64,-74.02,13.0,13.0
1449,10 Ave & W 202 St,40.861,-73.921,13.0,22.0
1450,Forsyth St & Grand St,40.718,-73.993,13.0,9.0
1451,20 Ave & 48 St,40.773,-73.897,13.0,18.0
1452,Academy St & Nagle Ave,40.863,-73.923,13.0,11.0
1453,Somers St & Broadway,40.679,-73.905,13.0,17.0
1454,49 St & 25 Ave,40.764,-73.905,13.0,16.0
1455,E 170 St & Clay Ave,40.837,-73.908,12.0,9.0
1456,W Tremont Ave & Grand Ave,40.85,-73.913,12.0,5.0
1457,3 Ave & Wakeman Pl,40.638,-74.025,12.0,15.0
1458,Stephen St & Seneca Ave,40.699,-73.901,12.0,16.0
1459,10 Ave & W 215 St,40.869,-73.915,12.0,12.0
1460,Gerard Ave & McClellan St,40.834,-73.921,12.0,12.0
1461,Featherbed Ln & Jerome Ave,40.846,-73.914,12.0,8.0
1462,41 St & 3 Ave,40.653,-74.009,12.0,13.0
1463,Ditmars Blvd & 76 St,40.768,-73.894,12.0,24.0
1464,Bailey Ave & W 193 St,40.871,-73.907,12.0,13.0
1465,Cauldwell Ave & E 161 St,40.822,-73.908,12.0,14.0
1466,Prospect Ave & Jennings St,40.832,-73.897,11.0,8.0
1467,63 St & 5 Ave,40.638,-74.018,11.0,12.0
1468,E 167 St & Bryant Ave,40.827,-73.889,11.0,10.0
1469,E 160 St & Tinton Ave,40.82,-73.904,11.0,16.0
1470,Bailey Ave & Sedgwick Ave,40.866,-73.909,11.0,7.0
1471,Clay Ave & Claremont Pkwy,40.84,-73.905,11.0,10.0
1472,E 133 St & Cypress Pl,40.803,-73.917,11.0,8.0
1473,Creston Ave & E 178 St,40.851,-73.906,11.0,10.0
1474,E 163 St & Tiffany St,40.821,-73.895,11.0,9.0
1475,E 174 St & Walton Ave,40.845,-73.912,11.0,13.0
1476,Jerome Ave & W 184 St,40.861,-73.903,10.0,7.0
1477,Fulton Ave & E 168 St,40.83,-73.905,10.0,8.0
1478,E 165 St & Fox St,40.824,-73.894,10.0,10.0
1479,Freeman St & Reverend James A Polite Ave,40.831,-73.895,10.0,8.0
1480,E 141 St & Jackson Ave,40.807,-73.912,10.0,12.0
1481,Rogers Pl & E 165 St,40.824,-73.897,10.0,11.0
1482,Anthony Ave & E 175 St,40.846,-73.904,10.0,8.0
1483,College Ave & E 170 St,40.838,-73.91,9.0,11.0
1484,Decatur Ave & Oliver Pl,40.867,-73.886,9.0,10.0
1485,Decatur Ave & E 197 St,40.866,-73.888,9.0,10.0
1486,Morris Ave & E 171 St,40.839,-73.911,9.0,9.0
1487,6 Ave & 55 St,40.641,-74.011,9.0,10.0
1488,Buchanan Pl & Grand Ave,40.858,-73.906,9.0,7.0
1489,64 St & 3 Ave,40.64,-74.023,9.0,6.0
1490,Mount Eden Pkwy & Eastburn Ave,40.843,-73.909,9.0,10.0
1491,Bainbridge Ave & E 193 St,40.864,-73.892,8.0,16.0
1492,Crotona Park East & E 173 St,40.837,-73.89,8.0,9.0
1493,Columbia St & Lorraine St,40.675,-74.008,8.0,31.0
1494,E Mosholu Pkwy & Van Cortlandt Ave E,40.877,-73.884,8.0,12.0
1495,Edgecombe Ave & W 150 St,40.827,-73.941,8.0,7.0
1496,Bainbridge Ave & E 196 St,40.866,-73.89,8.0,9.0
1497,Aqueduct Ave & North St,40.86,-73.906,8.0,9.0
1498,57 St & 1 Ave - Brooklyn Army Terminal Vaccination Site,40.646,-74.023,8.0,9.0
1499,Jerome Ave & W 177 St,40.85,-73.911,8.0,11.0
1500,Audubon Ave & W 192 St,40.856,-73.927,7.0,8.0
1501,Ogden Ave & Merriam Ave,40.839,-73.926,7.0,5.0
1502,Garrison Ave & Manida St,40.819,-73.89,7.0,9.0
1503,Barry St & Tiffany St,40.816,-73.892,7.0,7.0
1504,65 St & 2 Ave,40.64,-74.026,7.0,10.0
1505,E 155 St & Courtlandt Ave,40.821,-73.918,7.0,8.0
1506,E 134 St & Walnut Ave,40.8,-73.911,7.0,9.0
1507,Sedgwick Ave & W Burnside Ave,40.855,-73.917,7.0,5.0
1508,Southern Blvd & E 172 St,40.834,-73.89,6.0,2.0
1509,2 Av & 37 St,40.656,-74.01,6.0,7.0
1510,Morris Ave & E 184 St,40.86,-73.901,6.0,8.0
1511,Macombs Rd & Featherbed Ln,40.846,-73.917,6.0,8.0
1512,E Mosholu Pkwy & E 204 St,40.874,-73.883,6.0,7.0
1513,Southern Blvd & Tiffany St,40.818,-73.894,6.0,5.0
1514,Southern Blvd & E 142 St,40.807,-73.908,5.0,3.0
1515,52 St & 6 Ave,40.643,-74.009,5.0,4.0
1516,48 St & 2 Ave,40.65,-74.016,5.0,4.0
1517,9 Ave & W 206 St,40.863,-73.918,5.0,2.0
1518,Charlotte St & Boston Rd,40.836,-73.893,4.0,5.0
1519,Seneca Ave & Irvine St,40.819,-73.889,4.0,4.0
1520,Valentine Ave & E 183 St,40.857,-73.898,4.0,8.0
1521,Lab - NYC,40.754,-73.996,3.0,4.0
1522,Jerome Ave & E 198 St,40.871,-73.893,3.0,3.0
1523,W Tremont Ave & Matthewson Rd,40.854,-73.921,3.0,9.0
1524,Walton Ave & E 183 St,40.858,-73.903,3.0,9.0
1525,Waterloo Pl & Crotona Park East,40.839,-73.889,2.0,4.0
1526,Sedgwick Ave & Hall of Fame Tce,40.86,-73.913,2.0,2.0
1527,Boerum Pl & Pacific St,40.688,-73.991,2.0,0.0
1528,Nassau St & Duffield St,40.698,-73.984,1.0,0.0
1529,8 Ave & W 33 St,40.751,-73.993,1.0,0.0
1530,E 171 St & Webster Ave,40.838,-73.906,1.0,2.0
1531,9 Ave & W 219 St,40.871,-73.912,1.0,1.0
1532,Morgan WH station,40.71,-73.932,1.0,0.0
1533,Inwood Ave & W 170 St,40.841,-73.919,1.0,2.0
1534,Andrew Ave N & Hall of Fame Tce,40.858,-73.91,1.0,3.0
1535,Longfellow Ave & E 165 St,40.825,-73.888,1.0,1.0
1536,W 36 St & 9 Ave,40.754,-73.996,1.0,0.0
1537,Pier 40 Dock Station,40.729,-74.012,0.0,23.0
1538,12 St & Sinatra Dr N,40.751,-74.024,0.0,3.0
1539,14 St Ferry - 14 St & Shipyard Ln,40.753,-74.024,0.0,2.0
1540,Jersey & 6th St,40.725,-74.046,0.0,2.0
1541,Newport PATH,40.727,-74.034,0.0,2.0
1542,Bergen Ave,40.722,-74.071,0.0,2.0
1543,Jersey & 3rd,40.723,-74.046,0.0,1.0
1544,Grand St & 14 St,40.754,-74.032,0.0,1.0
1545,Apache,40.67,-73.995,0.0,1.0
1546,Washington St,40.724,-74.035,0.0,1.0
1547,Harborside,40.719,-74.034,0.0,1.0
1548,Newark Ave,40.722,-74.046,0.0,1.0
1549,Essex Light Rail,40.713,-74.036,0.0,1.0
